-- =================================================================
-- TAHIR GENERAL MERCHANT — Full Schema + Seed Data (Updated)
-- Customers: 61 | Suppliers: 20 | Products: 280 | Categories: 6
-- Product-Supplier links: 103
-- =================================================================

CREATE TYPE payment_method AS ENUM ( 'Cash', 'Store Account', 'ACCESS BANK',
    'STANBIC IBTC', 'MONIEPOINT', 'TRADE BY BARTER'
);

-- ── CATEGORIES ──────────────────────────────────────────────────
CREATE TABLE categories (
    category_id   SERIAL PRIMARY KEY,
    name          TEXT NOT NULL UNIQUE,
    created_at    TIMESTAMPTZ DEFAULT NOW()
);

INSERT INTO categories (name) VALUES
    ('ATAMPA'),
    ('LACE'),
    ('MATERIAL'),
    ('SHADDA/BROCADE'),
    ('VOILE'),
    ('YARD');

-- ── SUPPLIERS ───────────────────────────────────────────────────
CREATE TABLE suppliers (
    person_id       INTEGER PRIMARY KEY,
    company_name    TEXT NOT NULL,
    last_name       TEXT,
    first_name      TEXT,
    name            TEXT,
    email           TEXT,
    phone           TEXT,
    balance         NUMERIC(15,2) DEFAULT 0.00,
    account_no      TEXT,
    comments        TEXT,
    internal_notes  TEXT,
    address1        TEXT,
    address2        TEXT,
    city            TEXT,
    state           TEXT,
    zip             TEXT,
    country         TEXT,
    created_at      TIMESTAMPTZ DEFAULT NOW()
);

INSERT INTO suppliers (pos_supplier_id, company_name, last_name, first_name, name, email, phone, balance, account_no, comments, internal_notes, address1, address2, city, state, zip, country) VALUES
    (12, 'ABBA TAHIR', NULL, NULL, NULL, NULL, NULL, 0.0, NULL, NULL, NULL, NULL, NULL, NULL, NULL, NULL, NULL),
    (79, 'Aisha Beauty Shop', NULL, NULL, NULL, NULL, NULL, 39000000.0, NULL, NULL, NULL, NULL, NULL, NULL, NULL, NULL, NULL),
    (87, 'Alh Mudatex', NULL, NULL, NULL, NULL, NULL, 0.0, NULL, NULL, NULL, NULL, NULL, NULL, NULL, NULL, NULL),
    (10, 'Alh Musbahu Madatai', NULL, NULL, NULL, NULL, NULL, 11800000.0, NULL, NULL, NULL, NULL, NULL, NULL, NULL, NULL, NULL),
    (2, 'Asmee Collection', NULL, NULL, NULL, NULL, NULL, 0.0, NULL, NULL, NULL, NULL, NULL, NULL, NULL, NULL, NULL),
    (9, 'AUWAL ELITETEX', NULL, NULL, NULL, NULL, NULL, 0.0, NULL, NULL, NULL, NULL, NULL, NULL, NULL, NULL, NULL),
    (80, 'Auwalu Maitangaran', NULL, NULL, NULL, NULL, NULL, 0.0, NULL, NULL, NULL, NULL, NULL, NULL, NULL, NULL, NULL),
    (81, 'Baba Bale', NULL, NULL, NULL, NULL, NULL, 0.0, NULL, NULL, NULL, NULL, NULL, NULL, NULL, NULL, NULL),
    (3, 'FAHAD TAHIR', NULL, NULL, NULL, NULL, NULL, 138057500.0, NULL, NULL, NULL, NULL, NULL, NULL, NULL, NULL, NULL),
    (11, 'HAFIZU TAHIR', NULL, NULL, NULL, NULL, NULL, 9970500.0, NULL, NULL, NULL, NULL, NULL, NULL, NULL, NULL, NULL),
    (18, 'HALIFA MAITANGARAN', NULL, NULL, NULL, NULL, NULL, 0.0, NULL, NULL, NULL, NULL, NULL, NULL, NULL, NULL, NULL),
    (17, 'MALAM ADAMU', NULL, NULL, NULL, NULL, NULL, 315000.0, NULL, NULL, NULL, NULL, NULL, NULL, NULL, NULL, NULL),
    (5, 'Musa Alaramma', NULL, NULL, NULL, NULL, NULL, 0.0, NULL, NULL, NULL, NULL, NULL, NULL, NULL, NULL, NULL),
    (6, 'NextGen', NULL, NULL, NULL, NULL, NULL, 0.0, NULL, NULL, NULL, NULL, NULL, NULL, NULL, NULL, NULL),
    (8, 'Nura Mammada', NULL, NULL, NULL, NULL, NULL, 0.0, NULL, NULL, NULL, NULL, NULL, NULL, NULL, NULL, NULL),
    (89, 'Nurhaf', NULL, NULL, NULL, NULL, NULL, 0.0, NULL, NULL, NULL, NULL, NULL, NULL, NULL, NULL, NULL),
    (7, 'SAIFULLAHI AA UBA', NULL, NULL, NULL, NULL, NULL, 0.0, NULL, NULL, NULL, NULL, NULL, NULL, NULL, NULL, NULL),
    (73, 'Shehi HGB', NULL, NULL, NULL, NULL, NULL, 0.0, NULL, NULL, NULL, NULL, NULL, NULL, NULL, NULL, NULL),
    (4, 'YAYA SANI', NULL, NULL, NULL, NULL, NULL, 144171070.0, NULL, NULL, NULL, NULL, NULL, NULL, NULL, NULL, NULL),
    (13, 'ZIKRULLAHI', NULL, NULL, NULL, NULL, NULL, 2284800.0, NULL, NULL, NULL, NULL, NULL, NULL, NULL, NULL, NULL);

-- ── CUSTOMERS ───────────────────────────────────────────────────
CREATE TABLE customers (
    person_id        INTEGER PRIMARY KEY,
    name             TEXT NOT NULL,
    first_name       TEXT,
    last_name        TEXT,
    company_name     TEXT,
    email            TEXT,
    phone            TEXT,
    balance          NUMERIC(15,2) DEFAULT 0.00,
    account_no       TEXT,
    comments         TEXT,
    credit_limit     NUMERIC(15,2) DEFAULT 0.00,
    disable_loyalty  BOOLEAN DEFAULT FALSE,
    points           INTEGER DEFAULT 0,
    address1         TEXT,
    address2         TEXT,
    city             TEXT,
    state            TEXT,
    zip              TEXT,
    country          TEXT,
    created_at       TIMESTAMPTZ DEFAULT NOW()
);

INSERT INTO customers (pos_customer_id, name, first_name, last_name, company_name, email, phone, balance, account_no, comments, credit_limit, disable_loyalty, points, address1, address2, city, state, zip, country) VALUES
    (19, 'MALAM ADAMU', 'MALAM ADAMU', NULL, NULL, NULL, NULL, 115000.0, NULL, NULL, 0.0, FALSE, 0, NULL, NULL, NULL, NULL, NULL, NULL),
    (20, 'ZIKRULLAHI', 'ZIKRULLAHI', NULL, NULL, NULL, NULL, 1557100.0, NULL, NULL, 0.0, FALSE, 0, NULL, NULL, NULL, NULL, NULL, NULL),
    (21, 'FAHAD TAHIR CUSTOMERS', 'FAHAD TAHIR CUSTOMERS', NULL, NULL, NULL, NULL, 665479950.0, NULL, NULL, 0.0, FALSE, 0, NULL, NULL, NULL, NULL, NULL, NULL),
    (22, 'TAHIR ONLINE', 'TAHIR ONLINE', NULL, NULL, NULL, NULL, 5996900.0, NULL, NULL, 0.0, FALSE, 0, NULL, NULL, NULL, NULL, NULL, NULL),
    (32, 'Ismail Aru Abuja', 'Ismail Aru Abuja', NULL, NULL, NULL, NULL, 0.0, NULL, NULL, 0.0, FALSE, 0, NULL, NULL, NULL, NULL, NULL, NULL),
    (33, 'Mustapha Garba Hadejia', 'Mustapha Garba Hadejia', NULL, NULL, NULL, NULL, 0.0, NULL, NULL, 0.0, FALSE, 0, NULL, NULL, NULL, NULL, NULL, NULL),
    (34, 'Nurhaf', 'Nurhaf', NULL, NULL, NULL, NULL, 27978900.0, NULL, NULL, 0.0, FALSE, 0, NULL, NULL, NULL, NULL, NULL, NULL),
    (35, 'Momee Kareto', 'Momee Kareto', NULL, NULL, NULL, NULL, 1835000.0, NULL, NULL, 0.0, FALSE, 0, NULL, NULL, NULL, NULL, NULL, NULL),
    (36, 'Jamila Wowplus', 'Jamila Wowplus', NULL, NULL, NULL, NULL, 3790000.0, NULL, NULL, 0.0, FALSE, 0, NULL, NULL, NULL, NULL, NULL, NULL),
    (37, 'Hadiza Labo', 'Hadiza Labo', NULL, NULL, NULL, NULL, 3236900.0, NULL, NULL, 0.0, FALSE, 0, NULL, NULL, NULL, NULL, NULL, NULL),
    (38, 'Ummu Hasiya', 'Ummu Hasiya', NULL, NULL, NULL, NULL, 0.0, NULL, NULL, 0.0, FALSE, 0, NULL, NULL, NULL, NULL, NULL, NULL),
    (39, 'Hadiza Ornate', 'Hadiza Ornate', NULL, NULL, NULL, NULL, 3934000.0, NULL, NULL, 0.0, FALSE, 0, NULL, NULL, NULL, NULL, NULL, NULL),
    (40, 'Maman Hanif', 'Maman Hanif', NULL, NULL, NULL, NULL, 14628600.0, NULL, NULL, 0.0, FALSE, 0, NULL, NULL, NULL, NULL, NULL, NULL),
    (41, 'Bilkisu Mahmud', 'Bilkisu Mahmud', NULL, NULL, NULL, NULL, 6391500.0, NULL, NULL, 0.0, FALSE, 0, NULL, NULL, NULL, NULL, NULL, NULL),
    (42, 'Aisha Chic', 'Aisha Chic', NULL, NULL, NULL, NULL, 0.0, NULL, NULL, 0.0, FALSE, 0, NULL, NULL, NULL, NULL, NULL, NULL),
    (43, 'Musa Alaramma', 'Musa Alaramma', NULL, NULL, NULL, NULL, 3470000.0, NULL, NULL, 0.0, FALSE, 0, NULL, NULL, NULL, NULL, NULL, NULL),
    (44, 'Halifa Maitangaran', 'Halifa Maitangaran', NULL, NULL, NULL, NULL, 0.0, NULL, NULL, 0.0, FALSE, 0, NULL, NULL, NULL, NULL, NULL, NULL),
    (45, 'Fatima Belle', 'Fatima Belle', NULL, NULL, NULL, NULL, 12530000.0, NULL, NULL, 0.0, FALSE, 0, NULL, NULL, NULL, NULL, NULL, NULL),
    (46, 'Zubaida Gwarzo', 'Zubaida Gwarzo', NULL, NULL, NULL, NULL, 1908500.0, NULL, NULL, 0.0, FALSE, 0, NULL, NULL, NULL, NULL, NULL, NULL),
    (47, 'Jamila Baba', 'Jamila Baba', NULL, NULL, NULL, NULL, 18124400.0, NULL, NULL, 0.0, FALSE, 0, NULL, NULL, NULL, NULL, NULL, NULL),
    (48, 'Sadiya Miqdad', 'Sadiya Miqdad', NULL, NULL, NULL, NULL, 0.0, NULL, NULL, 0.0, FALSE, 0, NULL, NULL, NULL, NULL, NULL, NULL),
    (49, 'Sadiya Ala', 'Sadiya Ala', NULL, NULL, NULL, NULL, 0.0, NULL, NULL, 0.0, FALSE, 0, NULL, NULL, NULL, NULL, NULL, NULL),
    (50, 'La Fashion Trend', 'La Fashion Trend', NULL, NULL, NULL, NULL, 0.0, NULL, NULL, 0.0, FALSE, 0, NULL, NULL, NULL, NULL, NULL, NULL),
    (51, 'Khalid', 'Khalid', NULL, NULL, NULL, NULL, 0.0, NULL, NULL, 0.0, FALSE, 0, NULL, NULL, NULL, NULL, NULL, NULL),
    (52, 'Tahir IBB Indoor And Online Customers', 'Tahir IBB Indoor And Online Customers', NULL, NULL, NULL, NULL, 25500.0, NULL, NULL, 0.0, FALSE, 0, NULL, NULL, NULL, NULL, NULL, NULL),
    (53, 'Abba Tahir Shop', 'Abba Tahir Shop', NULL, NULL, NULL, NULL, 54000.0, NULL, NULL, 0.0, FALSE, 0, NULL, NULL, NULL, NULL, NULL, NULL),
    (54, 'Shamsu Shop', 'Shamsu Shop', NULL, NULL, NULL, NULL, 172500.0, NULL, NULL, 0.0, FALSE, 0, NULL, NULL, NULL, NULL, NULL, NULL),
    (55, 'Mustapha Shop', 'Mustapha Shop', NULL, NULL, NULL, NULL, 0.0, NULL, NULL, 0.0, FALSE, 0, NULL, NULL, NULL, NULL, NULL, NULL),
    (56, 'Kaby Daura Shop', 'Kaby Daura Shop', NULL, NULL, NULL, NULL, 0.0, NULL, NULL, 0.0, FALSE, 0, NULL, NULL, NULL, NULL, NULL, NULL),
    (57, 'Muhammad Dan Kasuwa', 'Muhammad Dan Kasuwa', NULL, NULL, NULL, NULL, 0.0, NULL, NULL, 0.0, FALSE, 0, NULL, NULL, NULL, NULL, NULL, NULL),
    (58, 'Usman Hamma Yayi', 'Usman Hamma Yayi', NULL, NULL, NULL, NULL, 0.0, NULL, NULL, 0.0, FALSE, 0, NULL, NULL, NULL, NULL, NULL, NULL),
    (59, 'Waleed Shop', 'Waleed Shop', NULL, NULL, NULL, NULL, 0.0, NULL, NULL, 0.0, FALSE, 0, NULL, NULL, NULL, NULL, NULL, NULL),
    (60, 'Idris AC Shop', 'Idris AC Shop', NULL, NULL, NULL, NULL, 0.0, NULL, NULL, 0.0, FALSE, 0, NULL, NULL, NULL, NULL, NULL, NULL),
    (61, 'Ibrahim BB Shop', 'Ibrahim BB Shop', NULL, NULL, NULL, NULL, 0.0, NULL, NULL, 0.0, FALSE, 0, NULL, NULL, NULL, NULL, NULL, NULL),
    (62, 'Sulaiman Aliyu Customer', 'Sulaiman Aliyu Customer', NULL, NULL, NULL, NULL, 0.0, NULL, NULL, 0.0, FALSE, 0, NULL, NULL, NULL, NULL, NULL, NULL),
    (63, 'Zainab Express', 'Zainab Express', NULL, NULL, NULL, NULL, 0.0, NULL, NULL, 0.0, FALSE, 0, NULL, NULL, NULL, NULL, NULL, NULL),
    (64, 'Ummi Labbo', 'Ummi Labbo', NULL, NULL, NULL, NULL, 5581300.0, NULL, NULL, 0.0, FALSE, 0, NULL, NULL, NULL, NULL, NULL, NULL),
    (65, 'Mama G/Kaya', 'Mama G/Kaya', NULL, NULL, NULL, NULL, 333000.0, NULL, NULL, 0.0, FALSE, 0, NULL, NULL, NULL, NULL, NULL, NULL),
    (66, 'Oga Musty', 'Oga Musty', NULL, NULL, NULL, NULL, 3994200.0, NULL, NULL, 0.0, FALSE, 0, NULL, NULL, NULL, NULL, NULL, NULL),
    (67, 'Tatabe', 'Tatabe', NULL, NULL, NULL, NULL, 1893200.0, NULL, NULL, 0.0, FALSE, 0, NULL, NULL, NULL, NULL, NULL, NULL),
    (68, 'Maryam Tahir', 'Maryam Tahir', NULL, NULL, NULL, NULL, 847000.0, NULL, NULL, 0.0, FALSE, 0, NULL, NULL, NULL, NULL, NULL, NULL),
    (69, 'Sulaiman Sarkin Yaki', 'Sulaiman Sarkin Yaki', NULL, NULL, NULL, NULL, 0.0, NULL, NULL, 0.0, FALSE, 0, NULL, NULL, NULL, NULL, NULL, NULL),
    (70, 'Muzambil Customer', 'Muzambil Customer', NULL, NULL, NULL, NULL, 0.0, NULL, NULL, 0.0, FALSE, 0, NULL, NULL, NULL, NULL, NULL, NULL),
    (71, 'Musa Garba', 'Musa Garba', NULL, NULL, NULL, NULL, 0.0, NULL, NULL, 0.0, FALSE, 0, NULL, NULL, NULL, NULL, NULL, NULL),
    (72, 'Ahmad Garun Malan', 'Ahmad Garun Malan', NULL, NULL, NULL, NULL, 0.0, NULL, NULL, 0.0, FALSE, 0, NULL, NULL, NULL, NULL, NULL, NULL),
    (74, 'Mudan Asiwaju', 'Mudan Asiwaju', NULL, NULL, NULL, NULL, 0.0, NULL, NULL, 0.0, FALSE, 0, NULL, NULL, NULL, NULL, NULL, NULL),
    (75, 'Imhar Multipurpose', 'Imhar Multipurpose', NULL, NULL, NULL, NULL, 0.0, NULL, NULL, 0.0, FALSE, 0, NULL, NULL, NULL, NULL, NULL, NULL),
    (76, 'Jamals Collection', 'Jamals Collection', NULL, NULL, NULL, NULL, 0.0, NULL, NULL, 0.0, FALSE, 0, NULL, NULL, NULL, NULL, NULL, NULL),
    (77, 'Aji Modu Maiduguri', 'Aji Modu Maiduguri', NULL, NULL, NULL, NULL, 1309000.0, NULL, NULL, 0.0, FALSE, 0, NULL, NULL, NULL, NULL, NULL, NULL),
    (78, 'Baba Bale Shop', 'Baba Bale Shop', NULL, NULL, NULL, NULL, 546000.0, NULL, NULL, 0.0, FALSE, 0, NULL, NULL, NULL, NULL, NULL, NULL),
    (82, 'Nafisa Barau', 'Nafisa Barau', NULL, NULL, NULL, NULL, 0.0, NULL, NULL, 0.0, FALSE, 0, NULL, NULL, NULL, NULL, NULL, NULL),
    (83, 'Aisha Nasidi', 'Aisha Nasidi', NULL, NULL, NULL, NULL, 1612000.0, NULL, NULL, 0.0, FALSE, 0, NULL, NULL, NULL, NULL, NULL, NULL),
    (84, 'Aisha Rabiu', 'Aisha Rabiu', NULL, NULL, NULL, NULL, 11452600.0, NULL, NULL, 0.0, FALSE, 0, NULL, NULL, NULL, NULL, NULL, NULL),
    (86, 'Alh Mudatex', 'Alh Mudatex', NULL, NULL, NULL, NULL, 0.0, NULL, NULL, 0.0, FALSE, 0, NULL, NULL, NULL, NULL, NULL, NULL),
    (88, 'Haj Zainab Gusau / Maman Usee', 'Haj Zainab Gusau / Maman Usee', NULL, NULL, NULL, NULL, 2408400.0, NULL, NULL, 0.0, FALSE, 0, NULL, NULL, NULL, NULL, NULL, NULL),
    (90, 'Hafizu Shop', 'Hafizu Shop', NULL, NULL, NULL, NULL, 54000.0, NULL, NULL, 0.0, FALSE, 0, NULL, NULL, NULL, NULL, NULL, NULL),
    (91, 'Ali manager HGB', 'Ali manager HGB', NULL, NULL, NULL, NULL, 345500.0, NULL, NULL, 0.0, FALSE, 0, NULL, NULL, NULL, NULL, NULL, NULL),
    (92, 'Haj Hadiza Sokoto', 'Haj Hadiza Sokoto', NULL, NULL, NULL, NULL, 4557400.0, NULL, NULL, 0.0, FALSE, 0, NULL, NULL, NULL, NULL, NULL, NULL),
    (93, 'Haj Hadiza Pretty', 'Haj Hadiza Pretty', NULL, NULL, NULL, NULL, 10119300.0, NULL, NULL, 0.0, FALSE, 0, NULL, NULL, NULL, NULL, NULL, NULL),
    (94, 'Abule', 'Abule', NULL, NULL, NULL, NULL, 716500.0, NULL, NULL, 0.0, FALSE, 0, NULL, NULL, NULL, NULL, NULL, NULL),
    (95, 'Mukthar Tahir', 'Mukthar Tahir', NULL, NULL, NULL, NULL, 59900.0, NULL, NULL, 0.0, FALSE, 0, NULL, NULL, NULL, NULL, NULL, NULL);

-- ── PRODUCTS ────────────────────────────────────────────────────
CREATE TABLE products (
    item_id          INTEGER PRIMARY KEY,
    upc              TEXT,
    name             TEXT NOT NULL,
    category         TEXT REFERENCES categories(name),
    category_path    TEXT,
    cost_price       NUMERIC(12,2) DEFAULT 0.00,
    selling_price    NUMERIC(12,2) DEFAULT 0.00,
    quantity         INTEGER DEFAULT 0,
    tax_group        TEXT,
    tags             TEXT,
    description      TEXT,
    promo_price      NUMERIC(12,2),
    promo_start      TEXT,
    promo_end        TEXT,
    reorder_level    INTEGER,
    prices_inc_tax   BOOLEAN DEFAULT FALSE,
    allow_alt_desc   BOOLEAN DEFAULT FALSE,
    has_serial       BOOLEAN DEFAULT FALSE,
    is_barcoded      BOOLEAN DEFAULT FALSE,
    inactive         BOOLEAN DEFAULT FALSE,
    last_seen_at     TIMESTAMPTZ,
    created_at       TIMESTAMPTZ DEFAULT NOW()
);

INSERT INTO products (pos_prd_id, upc, name, category, category_path, cost_price, selling_price, quantity, tax_group, tags, description, promo_price, promo_start, promo_end, reorder_level, prices_inc_tax, allow_alt_desc, has_serial, is_barcoded, inactive) VALUES
    (578, NULL, 'New Medium Glitter', 'ATAMPA', 'ATAMPA', 17000.0, 20000.0, 84, NULL, NULL, NULL, NULL, NULL, NULL, NULL, FALSE, FALSE, FALSE, TRUE, FALSE),
    (577, NULL, 'Java Holland Gold', 'ATAMPA', 'ATAMPA', 17000.0, 20000.0, 94, NULL, NULL, NULL, NULL, NULL, NULL, NULL, FALSE, FALSE, FALSE, TRUE, FALSE),
    (576, NULL, 'New Julius Gold', 'ATAMPA', 'ATAMPA', 74000.0, 82000.0, 2, NULL, NULL, NULL, NULL, NULL, NULL, NULL, FALSE, FALSE, FALSE, TRUE, FALSE),
    (575, NULL, 'New Julius Plain', 'ATAMPA', 'ATAMPA', 62000.0, 70000.0, 20, NULL, NULL, NULL, NULL, NULL, NULL, NULL, FALSE, FALSE, FALSE, TRUE, FALSE),
    (574, NULL, 'Grandeur Embellished', 'ATAMPA', 'ATAMPA', 25000.0, 30000.0, 228, NULL, NULL, NULL, NULL, NULL, NULL, NULL, FALSE, FALSE, FALSE, TRUE, FALSE),
    (573, NULL, 'Grandeur Plain', 'ATAMPA', 'ATAMPA', 20000.0, 25000.0, 225, NULL, NULL, NULL, NULL, NULL, NULL, NULL, FALSE, FALSE, FALSE, TRUE, FALSE),
    (572, NULL, 'Lagos Lace Aplus', 'LACE', 'LACE', 28000.0, 35000.0, 26, NULL, NULL, NULL, NULL, NULL, NULL, NULL, FALSE, FALSE, FALSE, TRUE, FALSE),
    (571, NULL, 'Embellished Stone Mix and Match', 'ATAMPA', 'ATAMPA', 17000.0, 19000.0, 104, NULL, NULL, NULL, NULL, NULL, NULL, NULL, FALSE, FALSE, FALSE, TRUE, FALSE),
    (570, NULL, 'Voile Embroidery Mix and Match', 'MATERIAL', 'MATERIAL', 35000.0, 40000.0, 73, NULL, NULL, NULL, NULL, NULL, NULL, NULL, FALSE, FALSE, FALSE, TRUE, FALSE),
    (569, NULL, 'Hollantex Cote d''voire Plain', 'ATAMPA', 'ATAMPA', 11500.0, 12500.0, 144, NULL, NULL, NULL, NULL, NULL, NULL, NULL, FALSE, FALSE, FALSE, TRUE, FALSE),
    (568, NULL, 'British Holland Plain', 'ATAMPA', 'ATAMPA', 25000.0, 30000.0, 167, NULL, NULL, NULL, NULL, NULL, NULL, NULL, FALSE, FALSE, FALSE, TRUE, FALSE),
    (567, NULL, 'British Glitter Gold', 'ATAMPA', 'ATAMPA', 30000.0, 35000.0, 69, NULL, NULL, NULL, NULL, NULL, NULL, NULL, FALSE, FALSE, FALSE, TRUE, FALSE),
    (566, NULL, 'Disco Wax', 'ATAMPA', 'ATAMPA', 10000.0, 11000.0, 191, NULL, NULL, NULL, NULL, NULL, NULL, NULL, FALSE, FALSE, FALSE, TRUE, FALSE),
    (565, NULL, 'ABS Super Plain', 'ATAMPA', 'ATAMPA', 20000.0, 25000.0, 580, NULL, NULL, NULL, NULL, NULL, NULL, NULL, FALSE, FALSE, FALSE, TRUE, FALSE),
    (564, NULL, 'ABS Maitabarma', 'ATAMPA', 'ATAMPA', 30000.0, 35000.0, 316, NULL, NULL, NULL, NULL, NULL, NULL, NULL, FALSE, FALSE, FALSE, TRUE, FALSE),
    (563, NULL, 'Imperial Satin Wax', 'ATAMPA', 'ATAMPA', 25000.0, 30000.0, 117, NULL, NULL, NULL, NULL, NULL, NULL, NULL, FALSE, FALSE, FALSE, TRUE, FALSE),
    (562, NULL, 'Hyper Filtex Yard', 'YARD', 'YARD', 4500.0, 7500.0, 130, NULL, NULL, NULL, NULL, NULL, NULL, NULL, FALSE, FALSE, FALSE, TRUE, FALSE),
    (561, NULL, 'New Madam Getzner Medium', 'SHADDA/BROCADE', 'SHADDA/BROCADE', 7000.0, 10000.0, 109, NULL, NULL, NULL, NULL, NULL, NULL, NULL, FALSE, FALSE, FALSE, TRUE, FALSE),
    (560, NULL, 'Hilton Menlace', 'MATERIAL', 'MATERIAL', 360000.0, 480000.0, 0, NULL, NULL, NULL, NULL, NULL, NULL, NULL, FALSE, FALSE, FALSE, TRUE, FALSE),
    (559, NULL, 'Hollantex Gold Stone', 'ATAMPA', 'ATAMPA', 20000.0, 23000.0, 15, NULL, NULL, NULL, NULL, NULL, NULL, NULL, FALSE, FALSE, FALSE, TRUE, FALSE),
    (558, NULL, 'Voile Embroidery NXG', 'MATERIAL', 'MATERIAL', 24500.0, 30000.0, 32, NULL, NULL, NULL, NULL, NULL, NULL, NULL, FALSE, FALSE, FALSE, TRUE, FALSE),
    (557, NULL, 'Magic Holland', 'ATAMPA', 'ATAMPA', 9000.0, 10000.0, 0, NULL, NULL, NULL, NULL, NULL, NULL, NULL, FALSE, FALSE, FALSE, TRUE, FALSE),
    (556, NULL, 'Patchwork Mix And Match', 'ATAMPA', 'ATAMPA', 54000.0, 60000.0, 22, NULL, NULL, NULL, NULL, NULL, NULL, NULL, FALSE, FALSE, FALSE, TRUE, FALSE),
    (555, NULL, 'Julius Comfort Lux Plain', 'ATAMPA', 'ATAMPA', 75000.0, 82000.0, 8, NULL, NULL, NULL, NULL, NULL, NULL, NULL, FALSE, FALSE, FALSE, TRUE, FALSE),
    (554, NULL, 'Julius Comfort Lux Embellished', 'ATAMPA', 'ATAMPA', 85000.0, 95000.0, 10, NULL, NULL, NULL, NULL, NULL, NULL, NULL, FALSE, FALSE, FALSE, TRUE, FALSE),
    (553, NULL, 'Avogan Stone', 'ATAMPA', 'ATAMPA', 14000.0, 16000.0, 2, NULL, NULL, NULL, NULL, NULL, NULL, NULL, FALSE, FALSE, FALSE, TRUE, FALSE),
    (552, NULL, 'Super Stone Wax', 'ATAMPA', 'ATAMPA', 14000.0, 16000.0, 11, NULL, NULL, NULL, NULL, NULL, NULL, NULL, FALSE, FALSE, FALSE, TRUE, FALSE),
    (551, NULL, 'Aliza Batik Plain', 'ATAMPA', 'ATAMPA', 25000.0, 30000.0, 4, NULL, NULL, NULL, NULL, NULL, NULL, NULL, FALSE, FALSE, FALSE, TRUE, FALSE),
    (550, NULL, 'Swiss Lafaya C', 'LACE', 'LACE', 36000.0, 45000.0, 13, NULL, NULL, NULL, NULL, NULL, NULL, NULL, FALSE, FALSE, FALSE, TRUE, FALSE),
    (549, NULL, 'Empire Embellished', 'ATAMPA', 'ATAMPA', 16000.0, 18000.0, 24, NULL, NULL, NULL, NULL, NULL, NULL, NULL, FALSE, FALSE, FALSE, TRUE, FALSE),
    (548, NULL, 'Fantastic Holland', 'ATAMPA', 'ATAMPA', 8000.0, 8500.0, 210, NULL, NULL, NULL, NULL, NULL, NULL, NULL, FALSE, FALSE, FALSE, TRUE, FALSE),
    (547, NULL, 'Printed VOILE LACE', 'ATAMPA', 'ATAMPA', 110000.0, 135000.0, 9, NULL, NULL, NULL, NULL, NULL, NULL, NULL, FALSE, FALSE, FALSE, TRUE, FALSE),
    (546, NULL, 'New Stone Atampa', 'ATAMPA', 'ATAMPA', 19000.0, 22000.0, 46, NULL, NULL, NULL, NULL, NULL, NULL, NULL, FALSE, FALSE, FALSE, TRUE, FALSE),
    (545, NULL, 'NG Digital Silk', 'MATERIAL', 'MATERIAL', 11000.0, 12000.0, 50, NULL, NULL, NULL, NULL, NULL, NULL, NULL, FALSE, FALSE, FALSE, TRUE, FALSE),
    (544, NULL, 'Flora Material', 'MATERIAL', 'MATERIAL', 14000.0, 16000.0, 17, NULL, NULL, NULL, NULL, NULL, NULL, NULL, FALSE, FALSE, FALSE, TRUE, FALSE),
    (543, NULL, 'Valantino Holland', 'ATAMPA', 'ATAMPA', 10000.0, 11000.0, 290, NULL, NULL, NULL, NULL, NULL, NULL, NULL, FALSE, FALSE, FALSE, TRUE, FALSE),
    (542, NULL, 'Vienna Yard', 'YARD', 'YARD', 1500.0, 2500.0, 0, NULL, NULL, NULL, NULL, NULL, NULL, NULL, FALSE, FALSE, FALSE, TRUE, FALSE),
    (540, NULL, 'Right Man And Wise Man Shadda', 'SHADDA/BROCADE', 'SHADDA/BROCADE', 3850.0, 5500.0, 422, NULL, NULL, NULL, NULL, NULL, NULL, NULL, FALSE, FALSE, FALSE, TRUE, FALSE),
    (539, NULL, 'Julius Crystal Shine', 'ATAMPA', 'ATAMPA', 86000.0, 100000.0, 12, NULL, NULL, NULL, NULL, NULL, NULL, NULL, FALSE, FALSE, FALSE, TRUE, FALSE),
    (538, NULL, 'Exclusive Swiss Lace Big', 'LACE', 'LACE', 120000.0, 200000.0, 20, NULL, NULL, NULL, NULL, NULL, NULL, NULL, FALSE, FALSE, FALSE, TRUE, FALSE),
    (537, NULL, 'Applique Swiss Lace Big', 'LACE', 'LACE', 210000.0, 300000.0, 9, NULL, NULL, NULL, NULL, NULL, NULL, NULL, FALSE, FALSE, FALSE, TRUE, FALSE),
    (535, NULL, 'Supreme Folder And Moon Light Shadda', 'SHADDA/BROCADE', 'SHADDA/BROCADE', 4500.0, 6500.0, 182, NULL, NULL, NULL, NULL, NULL, NULL, NULL, FALSE, FALSE, FALSE, TRUE, FALSE),
    (533, NULL, 'Avogan Embellished', 'ATAMPA', 'ATAMPA', 16000.0, 18000.0, 193, NULL, NULL, NULL, NULL, NULL, NULL, NULL, FALSE, FALSE, FALSE, TRUE, FALSE),
    (532, NULL, 'Exclusive Ultra Swiss Lace C', 'LACE', 'LACE', 320000.0, 400000.0, 15, NULL, NULL, NULL, NULL, NULL, NULL, NULL, FALSE, FALSE, FALSE, TRUE, FALSE),
    (531, NULL, 'Exclusive Ultra Swiss Lace B', 'LACE', 'LACE', 340000.0, 420000.0, 2, NULL, NULL, NULL, NULL, NULL, NULL, NULL, FALSE, FALSE, FALSE, TRUE, FALSE),
    (530, NULL, 'Exclusive Ultra Swiss Lace A', 'LACE', 'LACE', 350000.0, 450000.0, 8, NULL, NULL, NULL, NULL, NULL, NULL, NULL, FALSE, FALSE, FALSE, TRUE, FALSE),
    (529, NULL, 'Guipure Swiss Lace', 'LACE', 'LACE', 400000.0, 520000.0, 3, NULL, NULL, NULL, NULL, NULL, NULL, NULL, FALSE, FALSE, FALSE, TRUE, FALSE),
    (528, NULL, 'Hilton Jacquard Voile', 'VOILE', 'VOILE', 130000.0, 170000.0, 24, NULL, NULL, NULL, NULL, NULL, NULL, NULL, FALSE, FALSE, FALSE, TRUE, FALSE),
    (527, NULL, 'Ame And Ame Vibez', 'ATAMPA', 'ATAMPA', 30000.0, 35000.0, 156, NULL, NULL, NULL, NULL, NULL, NULL, NULL, FALSE, FALSE, FALSE, TRUE, FALSE),
    (526, NULL, 'Hollandad India', 'ATAMPA', 'ATAMPA', 8000.0, 8500.0, 22, NULL, NULL, NULL, NULL, NULL, NULL, NULL, FALSE, FALSE, FALSE, TRUE, FALSE),
    (525, NULL, 'Exclusive Satin Atampa', 'ATAMPA', 'ATAMPA', 35000.0, 45000.0, 3, NULL, NULL, NULL, NULL, NULL, NULL, NULL, FALSE, FALSE, FALSE, TRUE, FALSE),
    (524, NULL, 'Super Glitter Stone', 'ATAMPA', 'ATAMPA', 28000.0, 35000.0, 1, NULL, NULL, NULL, NULL, NULL, NULL, NULL, FALSE, FALSE, FALSE, TRUE, FALSE),
    (523, NULL, 'Higholland Mix Cotton', 'ATAMPA', 'ATAMPA', 4200.0, 4500.0, 334, NULL, NULL, NULL, NULL, NULL, NULL, NULL, FALSE, FALSE, FALSE, TRUE, FALSE),
    (522, NULL, 'New Appliqué Atampa Lace', 'ATAMPA', 'ATAMPA', 135000.0, 195000.0, 1, NULL, NULL, NULL, NULL, NULL, NULL, NULL, FALSE, FALSE, FALSE, TRUE, FALSE),
    (521, NULL, 'Sheraton Holland Embellished', 'ATAMPA', 'ATAMPA', 210000.0, 240000.0, 19, NULL, NULL, NULL, NULL, NULL, NULL, NULL, FALSE, FALSE, FALSE, TRUE, FALSE),
    (520, NULL, 'Hightest', 'ATAMPA', 'ATAMPA', 10000.0, 11000.0, 988, NULL, NULL, NULL, NULL, NULL, NULL, NULL, FALSE, FALSE, FALSE, TRUE, FALSE),
    (519, NULL, 'Perfect Royal Gold', 'ATAMPA', 'ATAMPA', 30000.0, 35000.0, 1, NULL, NULL, NULL, NULL, NULL, NULL, NULL, FALSE, FALSE, FALSE, TRUE, FALSE),
    (518, NULL, 'Supreme Phantom Shadda', 'SHADDA/BROCADE', 'SHADDA/BROCADE', 5200.0, 7500.0, 95, NULL, NULL, NULL, NULL, NULL, NULL, NULL, FALSE, FALSE, FALSE, TRUE, FALSE),
    (517, NULL, 'Blueberry Material', 'MATERIAL', 'MATERIAL', 11000.0, 12000.0, 15, NULL, NULL, NULL, NULL, NULL, NULL, NULL, FALSE, FALSE, FALSE, TRUE, FALSE),
    (516, NULL, 'Hollantex Cote d’voire', 'ATAMPA', 'ATAMPA', 17500.0, 20000.0, 116, NULL, NULL, NULL, NULL, NULL, NULL, NULL, FALSE, FALSE, FALSE, TRUE, FALSE),
    (515, NULL, 'Atampa patch work', 'ATAMPA', 'ATAMPA', 70000.0, 85000.0, 38, NULL, NULL, NULL, NULL, NULL, NULL, NULL, FALSE, FALSE, FALSE, TRUE, FALSE),
    (514, NULL, 'New Atampa Lace', 'ATAMPA', 'ATAMPA', 68500.0, 75000.0, 38, NULL, NULL, NULL, NULL, NULL, NULL, NULL, FALSE, FALSE, FALSE, TRUE, FALSE),
    (513, NULL, 'Stone Embellished Atampa', 'ATAMPA', 'ATAMPA', 18000.0, 20000.0, 30, NULL, NULL, NULL, NULL, NULL, NULL, NULL, FALSE, FALSE, FALSE, TRUE, FALSE),
    (512, NULL, 'Josef Otten Voile 2yards', 'VOILE', 'VOILE', 60000.0, 80000.0, 4, NULL, NULL, NULL, NULL, NULL, NULL, NULL, FALSE, FALSE, FALSE, TRUE, FALSE),
    (511, NULL, 'Josef Otten Voile 2.5yards', 'VOILE', 'VOILE', 75000.0, 100000.0, 2, NULL, NULL, NULL, NULL, NULL, NULL, NULL, FALSE, FALSE, FALSE, TRUE, FALSE),
    (510, NULL, 'Josef Otten Voile 3yards', 'VOILE', 'VOILE', 90000.0, 120000.0, 4, NULL, NULL, NULL, NULL, NULL, NULL, NULL, FALSE, FALSE, FALSE, TRUE, FALSE),
    (509, NULL, 'Josef Otten Voile 4yards', 'VOILE', 'VOILE', 120000.0, 160000.0, 6, NULL, NULL, NULL, NULL, NULL, NULL, NULL, FALSE, FALSE, FALSE, TRUE, FALSE),
    (508, NULL, 'Josef Otten Plain 4yards', 'VOILE', 'VOILE', 80000.0, 100000.0, 4, NULL, NULL, NULL, NULL, NULL, NULL, NULL, FALSE, FALSE, FALSE, TRUE, FALSE),
    (507, NULL, 'Josef Otten Plain 5yards', 'VOILE', 'VOILE', 100000.0, 125000.0, 3, NULL, NULL, NULL, NULL, NULL, NULL, NULL, FALSE, FALSE, FALSE, TRUE, FALSE),
    (506, NULL, 'London Exclusive Super', 'ATAMPA', 'ATAMPA', 190000.0, 220000.0, 0, NULL, NULL, NULL, NULL, NULL, NULL, NULL, FALSE, FALSE, FALSE, TRUE, FALSE),
    (505, NULL, 'London Exclusive Embellished', 'ATAMPA', 'ATAMPA', 240000.0, 270000.0, 0, NULL, NULL, NULL, NULL, NULL, NULL, NULL, FALSE, FALSE, FALSE, TRUE, FALSE),
    (504, NULL, 'New Popular', 'ATAMPA', 'ATAMPA', 10000.0, 11000.0, 56, NULL, NULL, NULL, NULL, NULL, NULL, NULL, FALSE, FALSE, FALSE, TRUE, FALSE),
    (503, NULL, 'Polish Checy Men Lace B', 'VOILE', 'VOILE', 135000.0, 200000.0, 0, NULL, NULL, NULL, NULL, NULL, NULL, NULL, FALSE, FALSE, FALSE, TRUE, FALSE),
    (502, NULL, 'Polish Checy Men Lace A', 'VOILE', 'VOILE', 150000.0, 230000.0, 21, NULL, NULL, NULL, NULL, NULL, NULL, NULL, FALSE, FALSE, FALSE, TRUE, FALSE),
    (501, NULL, 'Belldam Glitter Roba', 'ATAMPA', 'ATAMPA', 6500.0, 7000.0, 52, NULL, NULL, NULL, NULL, NULL, NULL, NULL, FALSE, FALSE, FALSE, TRUE, FALSE),
    (500, NULL, 'Josef Otten Brocade', 'SHADDA/BROCADE', 'SHADDA/BROCADE', 165000.0, 185000.0, 11, NULL, NULL, NULL, NULL, NULL, NULL, NULL, FALSE, FALSE, FALSE, TRUE, FALSE),
    (499, NULL, 'Luxury Swiss Voile', 'VOILE', 'VOILE', 50000.0, 65000.0, 32, NULL, NULL, NULL, NULL, NULL, NULL, NULL, FALSE, FALSE, FALSE, TRUE, FALSE),
    (498, NULL, 'Glitter roba new', 'ATAMPA', 'ATAMPA', 4200.0, 5500.0, 211, NULL, NULL, NULL, NULL, NULL, NULL, NULL, FALSE, FALSE, FALSE, TRUE, FALSE),
    (497, NULL, 'Ultra Swiss Lace B', 'LACE', 'LACE', 240000.0, 300000.0, 7, NULL, NULL, NULL, NULL, NULL, NULL, NULL, FALSE, FALSE, FALSE, TRUE, FALSE),
    (496, NULL, 'Ultra Swiss Lace A', 'LACE', 'LACE', 300000.0, 380000.0, 13, NULL, NULL, NULL, NULL, NULL, NULL, NULL, FALSE, FALSE, FALSE, TRUE, FALSE),
    (495, NULL, 'Ultra Appliqué lace', 'LACE', 'LACE', 380000.0, 520000.0, 16, NULL, NULL, NULL, NULL, NULL, NULL, NULL, FALSE, FALSE, FALSE, TRUE, FALSE),
    (494, NULL, 'Sheraton Exclusive Super', 'ATAMPA', 'ATAMPA', 200000.0, 230000.0, 6, NULL, NULL, NULL, NULL, NULL, NULL, NULL, FALSE, FALSE, FALSE, TRUE, FALSE),
    (493, NULL, 'Sheraton Exclusive Embellished', 'ATAMPA', 'ATAMPA', 245000.0, 280000.0, 20, NULL, NULL, NULL, NULL, NULL, NULL, NULL, FALSE, FALSE, FALSE, TRUE, FALSE),
    (492, NULL, 'Krish Batik Plain', 'ATAMPA', 'ATAMPA', 18000.0, 20000.0, 0, NULL, NULL, NULL, NULL, NULL, NULL, NULL, FALSE, FALSE, FALSE, TRUE, FALSE),
    (491, NULL, 'Ultra Embellished', 'ATAMPA', 'ATAMPA', 23000.0, 25000.0, 68, NULL, NULL, NULL, NULL, NULL, NULL, NULL, FALSE, FALSE, FALSE, TRUE, FALSE),
    (490, NULL, 'Okutex Voile', 'VOILE', 'VOILE', 185000.0, 230000.0, 0, NULL, NULL, NULL, NULL, NULL, NULL, NULL, FALSE, FALSE, FALSE, TRUE, FALSE),
    (489, NULL, 'Zahra Batik Plain', 'ATAMPA', 'ATAMPA', 25000.0, 26000.0, 36, NULL, NULL, NULL, NULL, NULL, NULL, NULL, FALSE, FALSE, FALSE, TRUE, FALSE),
    (488, NULL, 'Excellence Getzner', 'SHADDA/BROCADE', 'SHADDA/BROCADE', 22000.0, 25000.0, 100, NULL, NULL, NULL, NULL, NULL, NULL, NULL, FALSE, FALSE, FALSE, TRUE, FALSE),
    (487, NULL, 'Phantom Getzner', 'SHADDA/BROCADE', 'SHADDA/BROCADE', 25000.0, 29500.0, 5, NULL, NULL, NULL, NULL, NULL, NULL, NULL, FALSE, FALSE, FALSE, TRUE, FALSE),
    (486, NULL, 'Josef Otten Voile', 'VOILE', 'VOILE', 175000.0, 200000.0, 30, NULL, NULL, NULL, NULL, NULL, NULL, NULL, FALSE, FALSE, FALSE, TRUE, FALSE),
    (485, NULL, 'Mitex Holland', 'ATAMPA', 'ATAMPA', 47000.0, 55000.0, 1, NULL, NULL, NULL, NULL, NULL, NULL, NULL, FALSE, FALSE, FALSE, TRUE, FALSE),
    (484, NULL, 'Cous Cous Lace', 'LACE', 'LACE', 43000.0, 55000.0, 8, NULL, NULL, NULL, NULL, NULL, NULL, NULL, FALSE, FALSE, FALSE, TRUE, FALSE),
    (483, NULL, 'Kampala Medium', 'SHADDA/BROCADE', 'SHADDA/BROCADE', 8000.0, 8500.0, 0, NULL, NULL, NULL, NULL, NULL, NULL, NULL, FALSE, FALSE, FALSE, TRUE, FALSE),
    (482, NULL, 'Kampala Small', 'SHADDA/BROCADE', 'SHADDA/BROCADE', 3400.0, 4500.0, 29, NULL, NULL, NULL, NULL, NULL, NULL, NULL, FALSE, FALSE, FALSE, TRUE, FALSE),
    (481, NULL, 'Killer Whale Small Yard', 'YARD', 'YARD', 14500.0, 20000.0, 0, NULL, NULL, NULL, NULL, NULL, NULL, NULL, FALSE, FALSE, FALSE, TRUE, FALSE),
    (480, NULL, 'Laqout Small Yard', 'YARD', 'YARD', 13500.0, 18000.0, 0, NULL, NULL, NULL, NULL, NULL, NULL, NULL, FALSE, FALSE, FALSE, TRUE, FALSE),
    (479, NULL, 'Swiss Lace D AS', 'LACE', 'LACE', 87000.0, 95000.0, 11, NULL, NULL, NULL, NULL, NULL, NULL, NULL, FALSE, FALSE, FALSE, TRUE, FALSE),
    (478, NULL, 'Swiss Lace C AS', 'LACE', 'LACE', 99000.0, 110000.0, 9, NULL, NULL, NULL, NULL, NULL, NULL, NULL, FALSE, FALSE, FALSE, TRUE, FALSE),
    (477, NULL, 'Swiss Lace B AS', 'LACE', 'LACE', 104000.0, 120000.0, 13, NULL, NULL, NULL, NULL, NULL, NULL, NULL, FALSE, FALSE, FALSE, TRUE, FALSE),
    (476, NULL, 'Swiss Lace A AS', 'LACE', 'LACE', 114000.0, 130000.0, 18, NULL, NULL, NULL, NULL, NULL, NULL, NULL, FALSE, FALSE, FALSE, TRUE, FALSE),
    (475, NULL, 'New HKG Exclusive Yard', 'YARD', 'YARD', 255000.0, 370000.0, 0, NULL, NULL, NULL, NULL, NULL, NULL, NULL, FALSE, FALSE, FALSE, TRUE, FALSE),
    (474, NULL, 'Taiwo Atiku Riedman', 'YARD', 'YARD', 255000.0, 380000.0, 0, NULL, NULL, NULL, NULL, NULL, NULL, NULL, FALSE, FALSE, FALSE, TRUE, FALSE),
    (473, NULL, 'Victoire Magic Princess', 'SHADDA/BROCADE', 'SHADDA/BROCADE', 165000.0, 185000.0, 2, NULL, NULL, NULL, NULL, NULL, NULL, NULL, FALSE, FALSE, FALSE, TRUE, FALSE),
    (472, NULL, 'Swiss Lace Bplus', 'LACE', 'LACE', 90000.0, 105000.0, 1, NULL, NULL, NULL, NULL, NULL, NULL, NULL, FALSE, FALSE, FALSE, TRUE, FALSE),
    (471, NULL, 'Sublime Stone Embellished', 'ATAMPA', 'ATAMPA', 26000.0, 30000.0, 102, NULL, NULL, NULL, NULL, NULL, NULL, NULL, FALSE, FALSE, FALSE, TRUE, FALSE),
    (470, NULL, 'Getzner Men Lace', 'YARD', 'YARD', 380000.0, 490000.0, 1, NULL, NULL, NULL, NULL, NULL, NULL, NULL, FALSE, FALSE, FALSE, TRUE, FALSE),
    (469, NULL, 'VICE CHAIRMAN YARD', 'VOILE', 'VOILE', 7700.0, 12000.0, 0, NULL, NULL, NULL, NULL, NULL, NULL, NULL, FALSE, FALSE, FALSE, TRUE, FALSE),
    (468, NULL, 'Embellished MDT And Mohantex And Paksa', 'ATAMPA', 'ATAMPA', 16000.0, 18000.0, 184, NULL, NULL, NULL, NULL, NULL, NULL, NULL, FALSE, FALSE, FALSE, TRUE, FALSE),
    (467, NULL, 'Luxury Soft And Veba Plus Shadda', 'SHADDA/BROCADE', 'SHADDA/BROCADE', 6650.0, 8500.0, 203, NULL, NULL, NULL, NULL, NULL, NULL, NULL, FALSE, FALSE, FALSE, TRUE, FALSE),
    (466, NULL, 'Executive Voile Yard', 'VOILE', 'VOILE', 5800.0, 7500.0, 53, NULL, NULL, NULL, NULL, NULL, NULL, NULL, FALSE, FALSE, FALSE, TRUE, FALSE),
    (465, NULL, 'Elizabeth Embellished', 'ATAMPA', 'ATAMPA', 34000.0, 40000.0, 91, NULL, NULL, NULL, NULL, NULL, NULL, NULL, FALSE, FALSE, FALSE, TRUE, FALSE),
    (464, NULL, 'Elizabeth Embellished', 'ATAMPA', 'ATAMPA', 0.0, 0.0, 0, NULL, NULL, NULL, NULL, NULL, NULL, NULL, FALSE, FALSE, FALSE, TRUE, FALSE),
    (463, NULL, 'New Holland Wax Collection', 'ATAMPA', 'ATAMPA', 130000.0, 150000.0, 16, NULL, NULL, NULL, NULL, NULL, NULL, NULL, FALSE, FALSE, FALSE, TRUE, FALSE),
    (462, NULL, 'New Ultra Embellished', 'ATAMPA', 'ATAMPA', 32000.0, 35000.0, 78, NULL, NULL, NULL, NULL, NULL, NULL, NULL, FALSE, FALSE, FALSE, TRUE, FALSE),
    (461, NULL, 'New Riedman Men lace', 'SHADDA/BROCADE', 'SHADDA/BROCADE', 410000.0, 500000.0, 0, NULL, NULL, NULL, NULL, NULL, NULL, NULL, FALSE, FALSE, FALSE, TRUE, FALSE),
    (458, NULL, 'VOILE MATERIAL', 'LACE', 'LACE', 25000.0, 35000.0, 3, NULL, NULL, NULL, NULL, NULL, NULL, NULL, FALSE, FALSE, FALSE, TRUE, FALSE),
    (457, NULL, 'VOILE EMBROIDERY', 'LACE', 'LACE', 37000.0, 42000.0, 9, NULL, NULL, NULL, NULL, NULL, NULL, NULL, FALSE, FALSE, FALSE, TRUE, FALSE),
    (456, NULL, 'LAGOS LACE H', 'LACE', 'LACE', 15000.0, 18000.0, 7, NULL, NULL, NULL, NULL, NULL, NULL, NULL, FALSE, FALSE, FALSE, TRUE, FALSE),
    (455, NULL, 'LAGOS LACE G', 'LACE', 'LACE', 17000.0, 20000.0, 23, NULL, NULL, NULL, NULL, NULL, NULL, NULL, FALSE, FALSE, FALSE, TRUE, FALSE),
    (454, NULL, 'LAGOS LACE F', 'LACE', 'LACE', 20000.0, 23000.0, 72, NULL, NULL, NULL, NULL, NULL, NULL, NULL, FALSE, FALSE, FALSE, TRUE, FALSE),
    (453, NULL, 'LAGOS LACE E', 'LACE', 'LACE', 22000.0, 25000.0, 2, NULL, NULL, NULL, NULL, NULL, NULL, NULL, FALSE, FALSE, FALSE, TRUE, FALSE),
    (452, NULL, 'LAGOS LACE D', 'ATAMPA', 'ATAMPA', 23000.0, 26000.0, 69, NULL, NULL, NULL, NULL, NULL, NULL, NULL, FALSE, FALSE, FALSE, TRUE, FALSE),
    (451, NULL, 'LAGOS LACE C', 'LACE', 'LACE', 24000.0, 27000.0, 0, NULL, NULL, NULL, NULL, NULL, NULL, NULL, FALSE, FALSE, FALSE, TRUE, FALSE),
    (450, NULL, 'Laffaya LAGOS LACE', 'LACE', 'LACE', 22000.0, 28000.0, 29, NULL, NULL, NULL, NULL, NULL, NULL, NULL, FALSE, FALSE, FALSE, TRUE, FALSE),
    (449, NULL, 'LAGOS LACE A', 'LACE', 'LACE', 25000.0, 30000.0, 26, NULL, NULL, NULL, NULL, NULL, NULL, NULL, FALSE, FALSE, FALSE, TRUE, FALSE),
    (448, NULL, 'JAVA ENRICHE GOLD', 'ATAMPA', 'ATAMPA', 19000.0, 20000.0, 13, NULL, NULL, NULL, NULL, NULL, NULL, NULL, FALSE, FALSE, FALSE, TRUE, FALSE),
    (447, NULL, 'NEW EMBELLISHED', 'ATAMPA', 'ATAMPA', 21000.0, 23000.0, 29, NULL, NULL, NULL, NULL, NULL, NULL, NULL, FALSE, FALSE, FALSE, TRUE, FALSE),
    (446, NULL, 'GLITTER KRB', 'ATAMPA', 'ATAMPA', 13500.0, 15000.0, 17, NULL, NULL, NULL, NULL, NULL, NULL, NULL, FALSE, FALSE, FALSE, TRUE, FALSE),
    (445, NULL, 'DOLO UNIGOLD', 'ATAMPA', 'ATAMPA', 19000.0, 20000.0, 15, NULL, NULL, NULL, NULL, NULL, NULL, NULL, FALSE, FALSE, FALSE, TRUE, FALSE),
    (444, NULL, 'SUBLIME EMBELLISHED', 'ATAMPA', 'ATAMPA', 18500.0, 20000.0, 42, NULL, NULL, NULL, NULL, NULL, NULL, NULL, FALSE, FALSE, FALSE, TRUE, FALSE),
    (443, NULL, 'FLY GLITTER', 'ATAMPA', 'ATAMPA', 14000.0, 15000.0, 29, NULL, NULL, NULL, NULL, NULL, NULL, NULL, FALSE, FALSE, FALSE, TRUE, FALSE),
    (442, NULL, 'FLY EMBELLISHED', 'ATAMPA', 'ATAMPA', 14000.0, 15000.0, 25, NULL, NULL, NULL, NULL, NULL, NULL, NULL, FALSE, FALSE, FALSE, TRUE, FALSE),
    (441, NULL, 'GLITTER EMBELLISHED MEDIUM', 'ATAMPA', 'ATAMPA', 22000.0, 24000.0, 146, NULL, NULL, NULL, NULL, NULL, NULL, NULL, FALSE, FALSE, FALSE, TRUE, FALSE),
    (440, NULL, 'MEDIUM GLITTER', 'ATAMPA', 'ATAMPA', 16000.0, 18000.0, 124, NULL, NULL, NULL, NULL, NULL, NULL, NULL, FALSE, FALSE, FALSE, TRUE, FALSE),
    (439, NULL, 'MEDIUM EMBELLISHED', 'ATAMPA', 'ATAMPA', 18000.0, 20000.0, 336, NULL, NULL, NULL, NULL, NULL, NULL, NULL, FALSE, FALSE, FALSE, TRUE, FALSE),
    (437, NULL, 'CHIGANVY GOLD', 'ATAMPA', 'ATAMPA', 22500.0, 25000.0, 81, NULL, NULL, NULL, NULL, NULL, NULL, NULL, FALSE, FALSE, FALSE, TRUE, FALSE),
    (436, NULL, 'CHIGANVY COTTON POPLIN', 'ATAMPA', 'ATAMPA', 25000.0, 27000.0, 567, NULL, NULL, NULL, NULL, NULL, NULL, NULL, FALSE, FALSE, FALSE, TRUE, FALSE),
    (435, NULL, 'CHIGANVY Satin Royal SR', 'ATAMPA', 'ATAMPA', 31000.0, 35000.0, 3, NULL, NULL, NULL, NULL, NULL, NULL, NULL, FALSE, FALSE, FALSE, TRUE, FALSE),
    (434, NULL, 'VLISGAN', 'ATAMPA', 'ATAMPA', 18000.0, 20000.0, 0, NULL, NULL, NULL, NULL, NULL, NULL, NULL, FALSE, FALSE, FALSE, TRUE, FALSE),
    (433, NULL, 'EDITION WAX', 'ATAMPA', 'ATAMPA', 9000.0, 10000.0, 25, NULL, NULL, NULL, NULL, NULL, NULL, NULL, FALSE, FALSE, FALSE, TRUE, FALSE),
    (432, NULL, 'PRESTIGE', 'ATAMPA', 'ATAMPA', 15500.0, 17500.0, 419, NULL, NULL, NULL, NULL, NULL, NULL, NULL, FALSE, FALSE, FALSE, TRUE, FALSE),
    (431, NULL, 'SUPER WAX MEDIUM', 'ATAMPA', 'ATAMPA', 15000.0, 17000.0, 84, NULL, NULL, NULL, NULL, NULL, NULL, NULL, FALSE, FALSE, FALSE, TRUE, FALSE),
    (430, NULL, 'ULTRA HOLLAND', 'ATAMPA', 'ATAMPA', 14000.0, 16000.0, 11, NULL, NULL, NULL, NULL, NULL, NULL, NULL, FALSE, FALSE, FALSE, TRUE, FALSE),
    (429, NULL, 'HOLLANTEX BRILLIANT SERIES', 'ATAMPA', 'ATAMPA', 14000.0, 16000.0, 7, NULL, NULL, NULL, NULL, NULL, NULL, NULL, FALSE, FALSE, FALSE, TRUE, FALSE),
    (428, NULL, 'SUPER MEDIUM', 'ATAMPA', 'ATAMPA', 12000.0, 13000.0, 13, NULL, NULL, NULL, NULL, NULL, NULL, NULL, FALSE, FALSE, FALSE, TRUE, FALSE),
    (427, NULL, 'COTEDVOIRE MEDIUM', 'ATAMPA', 'ATAMPA', 13500.0, 15000.0, 105, NULL, NULL, NULL, NULL, NULL, NULL, NULL, FALSE, FALSE, FALSE, TRUE, FALSE),
    (426, NULL, 'WOODIN LE CREATURE', 'ATAMPA', 'ATAMPA', 13500.0, 15000.0, 80, NULL, NULL, NULL, NULL, NULL, NULL, NULL, FALSE, FALSE, FALSE, TRUE, FALSE),
    (425, NULL, 'HOLLANTEX JAVA', 'ATAMPA', 'ATAMPA', 13000.0, 14000.0, 1, NULL, NULL, NULL, NULL, NULL, NULL, NULL, FALSE, FALSE, FALSE, TRUE, FALSE),
    (424, NULL, 'MEDIUM SUPER', 'ATAMPA', 'ATAMPA', 12500.0, 14000.0, 192, NULL, NULL, NULL, NULL, NULL, NULL, NULL, FALSE, FALSE, FALSE, TRUE, FALSE),
    (423, NULL, 'HOLLANTEX', 'ATAMPA', 'ATAMPA', 11000.0, 12000.0, 1579, NULL, NULL, NULL, NULL, NULL, NULL, NULL, FALSE, FALSE, FALSE, TRUE, FALSE),
    (422, NULL, 'SUPER FASHION', 'ATAMPA', 'ATAMPA', 11000.0, 12000.0, 145, NULL, NULL, NULL, NULL, NULL, NULL, NULL, FALSE, FALSE, FALSE, TRUE, FALSE),
    (421, NULL, 'HOLLAND MEDIUM', 'ATAMPA', 'ATAMPA', 11000.0, 12000.0, 843, NULL, NULL, NULL, NULL, NULL, NULL, NULL, FALSE, FALSE, FALSE, TRUE, FALSE),
    (420, NULL, 'AVOGAN', 'ATAMPA', 'ATAMPA', 11000.0, 12000.0, 369, NULL, NULL, NULL, NULL, NULL, NULL, NULL, FALSE, FALSE, FALSE, TRUE, FALSE),
    (419, NULL, 'COTEDVOIRE SMALL', 'ATAMPA', 'ATAMPA', 10000.0, 11000.0, 2, NULL, NULL, NULL, NULL, NULL, NULL, NULL, FALSE, FALSE, FALSE, TRUE, FALSE),
    (418, NULL, 'HOLLANTREE', 'ATAMPA', 'ATAMPA', 10500.0, 11000.0, 491, NULL, NULL, NULL, NULL, NULL, NULL, NULL, FALSE, FALSE, FALSE, TRUE, FALSE),
    (417, NULL, 'DIAMOND AND CLASSIC', 'ATAMPA', 'ATAMPA', 10000.0, 11000.0, 34, NULL, NULL, NULL, NULL, NULL, NULL, NULL, FALSE, FALSE, FALSE, TRUE, FALSE),
    (416, NULL, 'GLORY WAX', 'ATAMPA', 'ATAMPA', 9500.0, 10000.0, 133, NULL, NULL, NULL, NULL, NULL, NULL, NULL, FALSE, FALSE, FALSE, TRUE, FALSE),
    (415, NULL, 'NEW CHIGANVY CHINA', 'ATAMPA', 'ATAMPA', 10000.0, 11000.0, 2, NULL, NULL, NULL, NULL, NULL, NULL, NULL, FALSE, FALSE, FALSE, TRUE, FALSE),
    (414, NULL, 'SUPER FAMOUS', 'ATAMPA', 'ATAMPA', 9000.0, 10000.0, 233, NULL, NULL, NULL, NULL, NULL, NULL, NULL, FALSE, FALSE, FALSE, TRUE, FALSE),
    (413, NULL, 'SUPER BRILLIANT', 'ATAMPA', 'ATAMPA', 11000.0, 12000.0, 213, NULL, NULL, NULL, NULL, NULL, NULL, NULL, FALSE, FALSE, FALSE, TRUE, FALSE),
    (412, NULL, 'CHIGANVY MDT', 'ATAMPA', 'ATAMPA', 9000.0, 10000.0, 17, NULL, NULL, NULL, NULL, NULL, NULL, NULL, FALSE, FALSE, FALSE, TRUE, FALSE),
    (411, NULL, 'ABC MEDIUM', 'ATAMPA', 'ATAMPA', 9500.0, 10000.0, 0, NULL, NULL, NULL, NULL, NULL, NULL, NULL, FALSE, FALSE, FALSE, TRUE, FALSE),
    (410, NULL, 'JAVA BLOCK', 'ATAMPA', 'ATAMPA', 9000.0, 10000.0, 25, NULL, NULL, NULL, NULL, NULL, NULL, NULL, FALSE, FALSE, FALSE, TRUE, FALSE),
    (409, NULL, 'JAVA INDIA', 'ATAMPA', 'ATAMPA', 8500.0, 9500.0, 10, NULL, NULL, NULL, NULL, NULL, NULL, NULL, FALSE, FALSE, FALSE, TRUE, FALSE),
    (408, NULL, 'CHIGANVY INDIA', 'ATAMPA', 'ATAMPA', 7500.0, 8300.0, 1056, NULL, NULL, NULL, NULL, NULL, NULL, NULL, FALSE, FALSE, FALSE, TRUE, FALSE),
    (407, NULL, 'GLITTER ROBA', 'ATAMPA', 'ATAMPA', 5000.0, 5800.0, 453, NULL, NULL, NULL, NULL, NULL, NULL, NULL, FALSE, FALSE, FALSE, TRUE, FALSE),
    (406, NULL, 'DELIGHT', 'ATAMPA', 'ATAMPA', 5600.0, 6000.0, 0, NULL, NULL, NULL, NULL, NULL, NULL, NULL, FALSE, FALSE, FALSE, TRUE, FALSE),
    (405, NULL, 'NEW AUTHENTIC MIX COTTON', 'ATAMPA', 'ATAMPA', 5100.0, 5500.0, 17, NULL, NULL, NULL, NULL, NULL, NULL, NULL, FALSE, FALSE, FALSE, TRUE, FALSE),
    (404, NULL, 'BELLDAM', 'ATAMPA', 'ATAMPA', 4600.0, 5000.0, 246, NULL, NULL, NULL, NULL, NULL, NULL, NULL, FALSE, FALSE, FALSE, TRUE, FALSE),
    (403, NULL, 'ATAMPA ROBA', 'ATAMPA', 'ATAMPA', 2800.0, 3100.0, 575, NULL, NULL, NULL, NULL, NULL, NULL, NULL, FALSE, FALSE, FALSE, TRUE, FALSE),
    (402, NULL, 'HOLLANTEX EMBELLISHED', 'ATAMPA', 'ATAMPA', 16000.0, 18000.0, 657, NULL, NULL, NULL, NULL, NULL, NULL, NULL, FALSE, FALSE, FALSE, TRUE, FALSE),
    (401, NULL, 'CHIGANVY COTONOU PLAIN', 'ATAMPA', 'ATAMPA', 18000.0, 20000.0, 31, NULL, NULL, NULL, NULL, NULL, NULL, NULL, FALSE, FALSE, FALSE, TRUE, FALSE),
    (400, NULL, 'LEOPARD YARD', 'YARD', 'YARD', 14000.0, 17000.0, 0, NULL, NULL, NULL, NULL, NULL, NULL, NULL, FALSE, FALSE, FALSE, TRUE, FALSE),
    (399, NULL, 'DEMOCRACY', 'SHADDA/BROCADE', 'SHADDA/BROCADE', 4000.0, 4700.0, 10, NULL, NULL, NULL, NULL, NULL, NULL, NULL, FALSE, FALSE, FALSE, TRUE, FALSE),
    (398, NULL, 'LAVIK SHADDA /Formula', 'SHADDA/BROCADE', 'SHADDA/BROCADE', 3500.0, 4500.0, 313, NULL, NULL, NULL, NULL, NULL, NULL, NULL, FALSE, FALSE, FALSE, TRUE, FALSE),
    (397, NULL, '7 STAR CASHMERE', 'YARD', 'YARD', 2000.0, 2700.0, 0, NULL, NULL, NULL, NULL, NULL, NULL, NULL, FALSE, FALSE, FALSE, TRUE, FALSE),
    (396, NULL, 'EXCELLENCY / PQF And Solari Yard', 'YARD', 'YARD', 2000.0, 3000.0, 0, NULL, NULL, NULL, NULL, NULL, NULL, NULL, FALSE, FALSE, FALSE, TRUE, FALSE),
    (395, NULL, 'SOLTEX / SUP', 'YARD', 'YARD', 2500.0, 3500.0, 0, NULL, NULL, NULL, NULL, NULL, NULL, NULL, FALSE, FALSE, FALSE, TRUE, FALSE),
    (394, NULL, 'LONGHUA / TUDOR', 'SHADDA/BROCADE', 'SHADDA/BROCADE', 3000.0, 4000.0, 404, NULL, NULL, NULL, NULL, NULL, NULL, NULL, FALSE, FALSE, FALSE, TRUE, FALSE),
    (393, NULL, 'AMZ COLLECTION YARD', 'YARD', 'YARD', 3500.0, 4500.0, 0, NULL, NULL, NULL, NULL, NULL, NULL, NULL, FALSE, FALSE, FALSE, TRUE, FALSE),
    (392, NULL, 'Tycoon/DS/ERDOS/GAZA', 'YARD', 'YARD', 4000.0, 5000.0, 198, NULL, NULL, NULL, NULL, NULL, NULL, NULL, FALSE, FALSE, FALSE, TRUE, FALSE),
    (391, NULL, 'EMIRATE YARD', 'YARD', 'YARD', 4500.0, 6500.0, 314, NULL, NULL, NULL, NULL, NULL, NULL, NULL, FALSE, FALSE, FALSE, TRUE, FALSE),
    (390, NULL, 'HACKER WOOL / HG EXCLUSIVE', 'YARD', 'YARD', 6500.0, 8000.0, 164, NULL, NULL, NULL, NULL, NULL, NULL, NULL, FALSE, FALSE, FALSE, TRUE, FALSE),
    (389, NULL, 'NBTX 400', 'SHADDA/BROCADE', 'SHADDA/BROCADE', 21000.0, 25000.0, 0, NULL, NULL, NULL, NULL, NULL, NULL, NULL, FALSE, FALSE, FALSE, TRUE, FALSE),
    (388, NULL, 'NBTX WAGAMBARI', 'SHADDA/BROCADE', 'SHADDA/BROCADE', 31000.0, 35000.0, 6, NULL, NULL, NULL, NULL, NULL, NULL, NULL, FALSE, FALSE, FALSE, TRUE, FALSE),
    (387, NULL, 'WAGAMBARI PLUS', 'SHADDA/BROCADE', 'SHADDA/BROCADE', 35000.0, 45000.0, 2, NULL, NULL, NULL, NULL, NULL, NULL, NULL, FALSE, FALSE, FALSE, TRUE, FALSE),
    (386, NULL, 'LUXURY DOT/ SENIOR YARD VOILE', 'YARD', 'YARD', 4000.0, 5000.0, 94, NULL, NULL, NULL, NULL, NULL, NULL, NULL, FALSE, FALSE, FALSE, TRUE, FALSE),
    (385, NULL, 'SUPER POLISH/ NEW SHADDA TRAVELLING', 'SHADDA/BROCADE', 'SHADDA/BROCADE', 4000.0, 5000.0, 28, NULL, NULL, NULL, NULL, NULL, NULL, NULL, FALSE, FALSE, FALSE, TRUE, FALSE),
    (384, NULL, 'VICTOIRE MAGIC MEDIUM', 'SHADDA/BROCADE', 'SHADDA/BROCADE', 25000.0, 30000.0, 142, NULL, NULL, NULL, NULL, NULL, NULL, NULL, FALSE, FALSE, FALSE, TRUE, FALSE),
    (383, NULL, 'REGAL EXCLUSIVE YARD', 'YARD', 'YARD', 7500.0, 9500.0, 3, NULL, NULL, NULL, NULL, NULL, NULL, NULL, FALSE, FALSE, FALSE, TRUE, FALSE),
    (382, NULL, 'CLASSIC WAGAMBARI', 'SHADDA/BROCADE', 'SHADDA/BROCADE', 4300.0, 5500.0, 54, NULL, NULL, NULL, NULL, NULL, NULL, NULL, FALSE, FALSE, FALSE, TRUE, FALSE),
    (381, NULL, 'NOOREEN/LUSTRE', 'SHADDA/BROCADE', 'SHADDA/BROCADE', 4500.0, 5500.0, 30, NULL, NULL, NULL, NULL, NULL, NULL, NULL, FALSE, FALSE, FALSE, TRUE, FALSE),
    (380, NULL, 'MORADO SHADDA', 'SHADDA/BROCADE', 'SHADDA/BROCADE', 5000.0, 5800.0, 46, NULL, NULL, NULL, NULL, NULL, NULL, NULL, FALSE, FALSE, FALSE, TRUE, FALSE),
    (379, NULL, 'ADS GERMANY SHADDA', 'SHADDA/BROCADE', 'SHADDA/BROCADE', 72000.0, 82000.0, 0, NULL, NULL, NULL, NULL, NULL, NULL, NULL, FALSE, FALSE, FALSE, TRUE, FALSE),
    (378, NULL, 'MADAM GETZNER MEDIUM', 'SHADDA/BROCADE', 'SHADDA/BROCADE', 5500.0, 7500.0, 84, NULL, NULL, NULL, NULL, NULL, NULL, NULL, FALSE, FALSE, FALSE, TRUE, FALSE),
    (377, NULL, 'XCLU SHADDA', 'SHADDA/BROCADE', 'SHADDA/BROCADE', 4500.0, 6000.0, 0, NULL, NULL, NULL, NULL, NULL, NULL, NULL, FALSE, FALSE, FALSE, TRUE, FALSE),
    (376, NULL, 'X-FRAME/MINI', 'SHADDA/BROCADE', 'SHADDA/BROCADE', 4500.0, 6000.0, 55, NULL, NULL, NULL, NULL, NULL, NULL, NULL, FALSE, FALSE, FALSE, TRUE, FALSE),
    (375, NULL, 'SUPREME SHADDA GERMANY', 'SHADDA/BROCADE', 'SHADDA/BROCADE', 5500.0, 6500.0, 82, NULL, NULL, NULL, NULL, NULL, NULL, NULL, FALSE, FALSE, FALSE, TRUE, FALSE),
    (374, NULL, 'SHAMPOO RICE', 'SHADDA/BROCADE', 'SHADDA/BROCADE', 6000.0, 7000.0, 17, NULL, NULL, NULL, NULL, NULL, NULL, NULL, FALSE, FALSE, FALSE, TRUE, FALSE),
    (373, NULL, 'DIAMOND PLUS', 'SHADDA/BROCADE', 'SHADDA/BROCADE', 7000.0, 9500.0, 212, NULL, NULL, NULL, NULL, NULL, NULL, NULL, FALSE, FALSE, FALSE, TRUE, FALSE),
    (372, NULL, 'LEXIS AIR', 'ATAMPA', 'ATAMPA', 6500.0, 9500.0, 144, NULL, NULL, NULL, NULL, NULL, NULL, NULL, FALSE, FALSE, FALSE, TRUE, FALSE),
    (371, NULL, 'LEXIS BROCADE WAGAMBARI', 'SHADDA/BROCADE', 'SHADDA/BROCADE', 7000.0, 10500.0, 17, NULL, NULL, NULL, NULL, NULL, NULL, NULL, FALSE, FALSE, FALSE, TRUE, FALSE),
    (370, NULL, 'VICTORY BROCADE', 'ATAMPA', 'ATAMPA', 10000.0, 14000.0, 157, NULL, NULL, NULL, NULL, NULL, NULL, NULL, FALSE, FALSE, FALSE, TRUE, FALSE),
    (369, NULL, 'GETZNER NORMAL', 'SHADDA/BROCADE', 'SHADDA/BROCADE', 18000.0, 22000.0, 40, NULL, NULL, NULL, NULL, NULL, NULL, NULL, FALSE, FALSE, FALSE, TRUE, FALSE),
    (368, NULL, 'FILTEX ALINA', 'YARD', 'YARD', 160000.0, 210000.0, 5, NULL, NULL, NULL, NULL, NULL, NULL, NULL, FALSE, FALSE, FALSE, TRUE, FALSE),
    (367, NULL, 'FILTEX TAMARA', 'YARD', 'YARD', 155000.0, 210000.0, 0, NULL, NULL, NULL, NULL, NULL, NULL, NULL, FALSE, FALSE, FALSE, TRUE, FALSE),
    (366, NULL, 'FILTEX NIDO', 'YARD', 'YARD', 160000.0, 210000.0, 8, NULL, NULL, NULL, NULL, NULL, NULL, NULL, FALSE, FALSE, FALSE, TRUE, FALSE),
    (365, NULL, 'FILTEX PLATINUM', 'YARD', 'YARD', 245000.0, 280000.0, 0, NULL, NULL, NULL, NULL, NULL, NULL, NULL, FALSE, FALSE, FALSE, TRUE, FALSE),
    (364, NULL, 'HKG EXCLUSIVE YARD', 'YARD', 'YARD', 230000.0, 250000.0, 4, NULL, NULL, NULL, NULL, NULL, NULL, NULL, FALSE, FALSE, FALSE, TRUE, FALSE),
    (363, NULL, 'RIEDMAN MEN LACE', 'ATAMPA', 'ATAMPA', 300000.0, 500000.0, 0, NULL, NULL, NULL, NULL, NULL, NULL, NULL, FALSE, FALSE, FALSE, TRUE, FALSE),
    (362, NULL, 'SWISS LAFAYA B', 'LACE', 'LACE', 48000.0, 55000.0, 40, NULL, NULL, NULL, NULL, NULL, NULL, NULL, FALSE, FALSE, FALSE, TRUE, FALSE),
    (361, NULL, 'SWISS LAFAYA A', 'LACE', 'LACE', 53000.0, 62000.0, 6, NULL, NULL, NULL, NULL, NULL, NULL, NULL, FALSE, FALSE, FALSE, TRUE, FALSE),
    (360, NULL, 'SWISS LACE EAS', 'LACE', 'LACE', 60000.0, 65000.0, 1, NULL, NULL, NULL, NULL, NULL, NULL, NULL, FALSE, FALSE, FALSE, TRUE, FALSE),
    (359, NULL, 'SWISS LACE D', 'LACE', 'LACE', 70000.0, 75000.0, 5, NULL, NULL, NULL, NULL, NULL, NULL, NULL, FALSE, FALSE, FALSE, TRUE, FALSE),
    (358, NULL, 'SWISS LACE CAS', 'LACE', 'LACE', 70000.0, 80000.0, 9, NULL, NULL, NULL, NULL, NULL, NULL, NULL, FALSE, FALSE, FALSE, TRUE, FALSE),
    (357, NULL, 'SWISS LACE C', 'LACE', 'LACE', 78000.0, 85000.0, 11, NULL, NULL, NULL, NULL, NULL, NULL, NULL, FALSE, FALSE, FALSE, TRUE, FALSE),
    (356, NULL, 'SWISS LACE B', 'ATAMPA', 'ATAMPA', 85000.0, 95000.0, 14, NULL, NULL, NULL, NULL, NULL, NULL, NULL, FALSE, FALSE, FALSE, TRUE, FALSE),
    (355, NULL, 'SWISS LACE A', 'ATAMPA', 'ATAMPA', 95000.0, 105000.0, 0, NULL, NULL, NULL, NULL, NULL, NULL, NULL, FALSE, FALSE, FALSE, TRUE, FALSE),
    (354, NULL, 'SWISS LUXURY LACE APLUS', 'LACE', 'LACE', 110000.0, 130000.0, 3, NULL, NULL, NULL, NULL, NULL, NULL, NULL, FALSE, FALSE, FALSE, TRUE, FALSE),
    (353, NULL, 'SWISS LUXURY LACE', 'LACE', 'LACE', 110000.0, 150000.0, 1, NULL, NULL, NULL, NULL, NULL, NULL, NULL, FALSE, FALSE, FALSE, TRUE, FALSE),
    (352, NULL, 'ZAZMA', 'ATAMPA', 'ATAMPA', 31000.0, 35000.0, 12, NULL, NULL, NULL, NULL, NULL, NULL, NULL, FALSE, FALSE, FALSE, TRUE, FALSE),
    (351, NULL, 'NEW MEDIUM EMBELLISHED', 'ATAMPA', 'ATAMPA', 16500.0, 18000.0, 49, NULL, NULL, NULL, NULL, NULL, NULL, NULL, FALSE, FALSE, FALSE, TRUE, FALSE),
    (350, NULL, 'FLY MEDIUM GLITTER', 'ATAMPA', 'ATAMPA', 20000.0, 22000.0, 89, NULL, NULL, NULL, NULL, NULL, NULL, NULL, FALSE, FALSE, FALSE, TRUE, FALSE),
    (349, NULL, 'NEW GLITTER EMBELLISHED', 'ATAMPA', 'ATAMPA', 37500.0, 40000.0, 83, NULL, NULL, NULL, NULL, NULL, NULL, NULL, FALSE, FALSE, FALSE, TRUE, FALSE),
    (348, NULL, 'Latest ULTRA EMBELLISHED', 'ATAMPA', 'ATAMPA', 37000.0, 40000.0, 30, NULL, NULL, NULL, NULL, NULL, NULL, NULL, FALSE, FALSE, FALSE, TRUE, FALSE),
    (347, NULL, 'Embroidery Mix And Match', 'ATAMPA', 'ATAMPA', 53000.0, 58000.0, 78, NULL, NULL, NULL, NULL, NULL, NULL, NULL, FALSE, FALSE, FALSE, TRUE, FALSE),
    (346, NULL, 'APPLIQUE MIX AND MATCH', 'ATAMPA', 'ATAMPA', 120000.0, 145000.0, 0, NULL, NULL, NULL, NULL, NULL, NULL, NULL, FALSE, FALSE, FALSE, TRUE, FALSE),
    (345, NULL, 'APPLIQUE ATAMPA', 'ATAMPA', 'ATAMPA', 200000.0, 250000.0, 6, NULL, NULL, NULL, NULL, NULL, NULL, NULL, FALSE, FALSE, FALSE, TRUE, FALSE),
    (344, NULL, 'STONE ATAMPA LACE', 'LACE', 'LACE', 38000.0, 45000.0, 1, NULL, NULL, NULL, NULL, NULL, NULL, NULL, FALSE, FALSE, FALSE, TRUE, FALSE),
    (343, NULL, 'ATAMPA LACE Mix And Match', 'ATAMPA', 'ATAMPA', 48500.0, 55000.0, 9, NULL, NULL, NULL, NULL, NULL, NULL, NULL, FALSE, FALSE, FALSE, TRUE, FALSE),
    (342, NULL, 'JIDDAM', 'ATAMPA', 'ATAMPA', 25000.0, 26000.0, 36, NULL, NULL, NULL, NULL, NULL, NULL, NULL, FALSE, FALSE, FALSE, TRUE, FALSE),
    (341, NULL, 'CLASSIQUE GLAM', 'ATAMPA', 'ATAMPA', 29000.0, 35000.0, 13, NULL, NULL, NULL, NULL, NULL, NULL, NULL, FALSE, FALSE, FALSE, TRUE, FALSE),
    (340, NULL, 'VOYLLARH EMBELLISHED', 'ATAMPA', 'ATAMPA', 22000.0, 25000.0, 7, NULL, NULL, NULL, NULL, NULL, NULL, NULL, FALSE, FALSE, FALSE, TRUE, FALSE),
    (339, NULL, 'ORGANIC COTTON', 'ATAMPA', 'ATAMPA', 15000.0, 20000.0, 10, NULL, NULL, NULL, NULL, NULL, NULL, NULL, FALSE, FALSE, FALSE, TRUE, FALSE),
    (338, NULL, 'AMIMMA BATIK', 'ATAMPA', 'ATAMPA', 25000.0, 26000.0, 12, NULL, NULL, NULL, NULL, NULL, NULL, NULL, FALSE, FALSE, FALSE, TRUE, FALSE),
    (337, NULL, 'BUYER''S BATIK', 'ATAMPA', 'ATAMPA', 24000.0, 28000.0, 1, NULL, NULL, NULL, NULL, NULL, NULL, NULL, FALSE, FALSE, FALSE, TRUE, FALSE),
    (336, NULL, 'ALIZA BATIK', 'ATAMPA', 'ATAMPA', 31000.0, 35000.0, 0, NULL, NULL, NULL, NULL, NULL, NULL, NULL, FALSE, FALSE, FALSE, TRUE, FALSE),
    (335, NULL, 'VIBEZ COTTON SATIN', 'ATAMPA', 'ATAMPA', 29000.0, 35000.0, 4, NULL, NULL, NULL, NULL, NULL, NULL, NULL, FALSE, FALSE, FALSE, TRUE, FALSE),
    (334, NULL, 'ELIZABETH HOLLAND', 'ATAMPA', 'ATAMPA', 30000.0, 35000.0, 101, NULL, NULL, NULL, NULL, NULL, NULL, NULL, FALSE, FALSE, FALSE, TRUE, FALSE),
    (333, NULL, 'ZAHRA Embellished BATIK', 'ATAMPA', 'ATAMPA', 25000.0, 26000.0, 0, NULL, NULL, NULL, NULL, NULL, NULL, NULL, FALSE, FALSE, FALSE, TRUE, FALSE),
    (332, NULL, 'ABS SUPER Embellished', 'ATAMPA', 'ATAMPA', 25000.0, 30000.0, 588, NULL, NULL, NULL, NULL, NULL, NULL, NULL, FALSE, FALSE, FALSE, TRUE, FALSE),
    (331, NULL, 'JAVA COUTURE', 'ATAMPA', 'ATAMPA', 25000.0, 30000.0, 0, NULL, NULL, NULL, NULL, NULL, NULL, NULL, FALSE, FALSE, FALSE, TRUE, FALSE),
    (330, NULL, 'JAVA DIGITAL', 'ATAMPA', 'ATAMPA', 20000.0, 25000.0, 0, NULL, NULL, NULL, NULL, NULL, NULL, NULL, FALSE, FALSE, FALSE, TRUE, FALSE),
    (329, NULL, 'PHANTOM MIX AND MATCH', 'ATAMPA', 'ATAMPA', 30000.0, 35000.0, 0, NULL, NULL, NULL, NULL, NULL, NULL, NULL, FALSE, FALSE, FALSE, TRUE, FALSE),
    (328, NULL, 'JULIUS HOLLAND PLAIN', 'ATAMPA', 'ATAMPA', 58000.0, 62000.0, 12, NULL, NULL, NULL, NULL, NULL, NULL, NULL, FALSE, FALSE, FALSE, TRUE, FALSE),
    (327, NULL, 'LATEST JULIUS PLAIN', 'ATAMPA', 'ATAMPA', 56000.0, 62000.0, 0, NULL, NULL, NULL, NULL, NULL, NULL, NULL, FALSE, FALSE, FALSE, TRUE, FALSE),
    (326, NULL, 'METRO JULIUS PLAIN', 'ATAMPA', 'ATAMPA', 60000.0, 72000.0, 0, NULL, NULL, NULL, NULL, NULL, NULL, NULL, FALSE, FALSE, FALSE, TRUE, FALSE),
    (325, NULL, 'JULIUS EMBELLISHED', 'ATAMPA', 'ATAMPA', 70000.0, 80000.0, 1, NULL, NULL, NULL, NULL, NULL, NULL, NULL, FALSE, FALSE, FALSE, TRUE, FALSE),
    (324, NULL, 'JULIUS SUPER GOLD', 'ATAMPA', 'ATAMPA', 80000.0, 85000.0, 0, NULL, NULL, NULL, NULL, NULL, NULL, NULL, FALSE, FALSE, FALSE, TRUE, FALSE),
    (323, NULL, 'METRO JULIUS EMBELLISHED', 'ATAMPA', 'ATAMPA', 75000.0, 90000.0, 0, NULL, NULL, NULL, NULL, NULL, NULL, NULL, FALSE, FALSE, FALSE, TRUE, FALSE),
    (322, NULL, 'MITEX GOLD', 'ATAMPA', 'ATAMPA', 50000.0, 65000.0, 0, NULL, NULL, NULL, NULL, NULL, NULL, NULL, FALSE, FALSE, FALSE, TRUE, FALSE),
    (321, NULL, 'SUPER EMBELLISHED 4yards', 'ATAMPA', 'ATAMPA', 100000.0, 120000.0, 3, NULL, NULL, NULL, NULL, NULL, NULL, NULL, FALSE, FALSE, FALSE, TRUE, FALSE),
    (320, NULL, 'HOLLAND WAX COLLECTION', 'ATAMPA', 'ATAMPA', 120000.0, 130000.0, 0, NULL, NULL, NULL, NULL, NULL, NULL, NULL, FALSE, FALSE, FALSE, TRUE, FALSE),
    (319, NULL, 'HOLLAND WAX EMBELLISHED', 'ATAMPA', 'ATAMPA', 130000.0, 180000.0, 1, NULL, NULL, NULL, NULL, NULL, NULL, NULL, FALSE, FALSE, FALSE, TRUE, FALSE),
    (318, NULL, 'London Holland EMBELLISHED', 'ATAMPA', 'ATAMPA', 200000.0, 230000.0, 8, NULL, NULL, NULL, NULL, NULL, NULL, NULL, FALSE, FALSE, FALSE, TRUE, FALSE),
    (317, NULL, 'SUPER WAX HOLLAND', 'ATAMPA', 'ATAMPA', 150000.0, 185000.0, 20, NULL, NULL, NULL, NULL, NULL, NULL, NULL, FALSE, FALSE, FALSE, TRUE, FALSE),
    (316, NULL, 'NEW SUPER HOLLAND', 'ATAMPA', 'ATAMPA', 160000.0, 195000.0, 18, NULL, NULL, NULL, NULL, NULL, NULL, NULL, FALSE, FALSE, FALSE, TRUE, FALSE),
    (315, NULL, 'LATEST SUPER HOLLAND', 'ATAMPA', 'ATAMPA', 175000.0, 190000.0, 0, NULL, NULL, NULL, NULL, NULL, NULL, NULL, FALSE, FALSE, FALSE, TRUE, FALSE),
    (314, NULL, 'SUPER EXCLUSIVE EMBELLISHED', 'ATAMPA', 'ATAMPA', 220000.0, 250000.0, 0, NULL, NULL, NULL, NULL, NULL, NULL, NULL, FALSE, FALSE, FALSE, TRUE, FALSE),
    (313, NULL, 'NEW SUPER EXCLUSIVE EMBELISH', 'ATAMPA', 'ATAMPA', 230000.0, 260000.0, 5, NULL, NULL, NULL, NULL, NULL, NULL, NULL, FALSE, FALSE, FALSE, TRUE, FALSE),
    (312, NULL, 'GLITTER GLAM', 'ATAMPA', 'ATAMPA', 225000.0, 250000.0, 11, NULL, NULL, NULL, NULL, NULL, NULL, NULL, FALSE, FALSE, FALSE, TRUE, FALSE),
    (311, NULL, 'GRAND SUPER GLITTER', 'ATAMPA', 'ATAMPA', 300000.0, 330000.0, 15, NULL, NULL, NULL, NULL, NULL, NULL, NULL, FALSE, FALSE, FALSE, TRUE, FALSE),
    (310, NULL, 'VLISCO LACE', 'LACE', 'LACE', 500000.0, 620000.0, 4, NULL, NULL, NULL, NULL, NULL, NULL, NULL, FALSE, FALSE, FALSE, TRUE, FALSE),
    (309, NULL, 'NEW VLISCO LACE', 'LACE', 'LACE', 500000.0, 620000.0, 3, NULL, NULL, NULL, NULL, NULL, NULL, NULL, FALSE, FALSE, FALSE, TRUE, FALSE),
    (308, NULL, 'LATEST SHERATON SATIN WAX', 'SHADDA/BROCADE', 'SHADDA/BROCADE', 250000.0, 280000.0, 0, NULL, NULL, NULL, NULL, NULL, NULL, NULL, FALSE, FALSE, FALSE, TRUE, FALSE),
    (307, NULL, 'NEW SHERATON SATIN WAX', 'SHADDA/BROCADE', 'SHADDA/BROCADE', 215000.0, 250000.0, 0, NULL, NULL, NULL, NULL, NULL, NULL, NULL, FALSE, FALSE, FALSE, TRUE, FALSE),
    (306, NULL, 'SHERATON SATIN WAX', 'SHADDA/BROCADE', 'SHADDA/BROCADE', 160000.0, 200000.0, 3, NULL, NULL, NULL, NULL, NULL, NULL, NULL, FALSE, FALSE, FALSE, TRUE, FALSE),
    (305, NULL, 'SHERATON BROCADE SHADDA', 'SHADDA/BROCADE', 'SHADDA/BROCADE', 80000.0, 95000.0, 3, NULL, NULL, NULL, NULL, NULL, NULL, NULL, FALSE, FALSE, FALSE, TRUE, FALSE),
    (304, NULL, 'RIEDMAN LAFFAYA LACE', 'LACE', 'LACE', 120000.0, 200000.0, 9, NULL, NULL, NULL, NULL, NULL, NULL, NULL, FALSE, FALSE, FALSE, TRUE, FALSE),
    (303, NULL, 'FILTEX STONE VOILE', 'LACE', 'LACE', 165000.0, 200000.0, 3, NULL, NULL, NULL, NULL, NULL, NULL, NULL, FALSE, FALSE, FALSE, TRUE, FALSE),
    (302, NULL, 'SWISS LUXURY LACE', 'LACE', 'LACE', 270000.0, 320000.0, 0, NULL, NULL, NULL, NULL, NULL, NULL, NULL, FALSE, FALSE, FALSE, TRUE, FALSE),
    (301, NULL, 'SWISS VOILE LACE BIG', 'LACE', 'LACE', 135000.0, 180000.0, 4, NULL, NULL, NULL, NULL, NULL, NULL, NULL, FALSE, FALSE, FALSE, TRUE, FALSE),
    (300, NULL, 'FILTEX LACE', 'LACE', 'LACE', 297000.0, 320000.0, 2, NULL, NULL, NULL, NULL, NULL, NULL, NULL, FALSE, FALSE, FALSE, TRUE, FALSE),
    (299, NULL, 'SWISS LUXURY LACE BIG', 'LACE', 'LACE', 195000.0, 230000.0, 10, NULL, NULL, NULL, NULL, NULL, NULL, NULL, FALSE, FALSE, FALSE, TRUE, FALSE),
    (298, NULL, 'MESH SWISS LACE', 'LACE', 'LACE', 200000.0, 250000.0, 3, NULL, NULL, NULL, NULL, NULL, NULL, NULL, FALSE, FALSE, FALSE, TRUE, FALSE),
    (297, NULL, 'APPLIQUE SWISS LACE C', 'LACE', 'LACE', 320000.0, 380000.0, 0, NULL, NULL, NULL, NULL, NULL, NULL, NULL, FALSE, FALSE, FALSE, TRUE, FALSE),
    (296, NULL, 'APPLIQUE SWISS LACE B', 'LACE', 'LACE', 350000.0, 420000.0, 7, NULL, NULL, NULL, NULL, NULL, NULL, NULL, FALSE, FALSE, FALSE, TRUE, FALSE),
    (295, NULL, 'APPLIQUE SWISS LACE A', 'LACE', 'LACE', 400000.0, 450000.0, 0, NULL, NULL, NULL, NULL, NULL, NULL, NULL, FALSE, FALSE, FALSE, TRUE, FALSE),
    (294, NULL, 'EXCELSIOR LACE B', 'LACE', 'LACE', 450000.0, 550000.0, 1, NULL, NULL, NULL, NULL, NULL, NULL, NULL, FALSE, FALSE, FALSE, TRUE, FALSE),
    (293, NULL, 'EXCELSIOR LACE A', 'LACE', 'LACE', 550000.0, 700000.0, 2, NULL, NULL, NULL, NULL, NULL, NULL, NULL, FALSE, FALSE, FALSE, TRUE, FALSE);

-- ── PRODUCT_SUPPLIERS (junction) ────────────────────────────────
CREATE TABLE product_suppliers (
    id           BIGSERIAL PRIMARY KEY,
    pos_prd_id      INTEGER NOT NULL REFERENCES products(pos_prd_id) ON DELETE CASCADE,
    supplier_id  INTEGER REFERENCES suppliers(pos_supplier_id),
    is_default   BOOLEAN DEFAULT TRUE,
    UNIQUE(pos_prd_id, supplier_id)
);

INSERT INTO product_suppliers (pos_prd_id, supplier_id, is_default) VALUES
    (578, 3, TRUE),
    (577, 3, TRUE),
    (576, 3, TRUE),
    (575, 3, TRUE),
    (574, 3, TRUE),
    (573, 3, TRUE),
    (572, 12, TRUE),
    (571, 4, TRUE),
    (570, 3, TRUE),
    (569, 4, TRUE),
    (568, 4, TRUE),
    (567, 4, TRUE),
    (566, 4, TRUE),
    (565, 79, TRUE),
    (564, 79, TRUE),
    (563, 3, TRUE),
    (562, 3, TRUE),
    (561, 3, TRUE),
    (560, 3, TRUE),
    (559, 12, TRUE),
    (558, 6, TRUE),
    (557, 4, TRUE),
    (556, 3, TRUE),
    (555, 3, TRUE),
    (554, 3, TRUE),
    (553, 4, TRUE),
    (552, 4, TRUE),
    (551, 3, TRUE),
    (550, 6, TRUE),
    (549, 4, TRUE),
    (548, 4, TRUE),
    (547, 2, TRUE),
    (546, 3, TRUE),
    (545, 6, TRUE),
    (544, 6, TRUE),
    (543, 4, TRUE),
    (542, 3, TRUE),
    (540, 80, TRUE),
    (539, 3, TRUE),
    (538, 4, TRUE),
    (537, 4, TRUE),
    (535, 80, TRUE),
    (533, 4, TRUE),
    (532, 3, TRUE),
    (531, 3, TRUE),
    (530, 3, TRUE),
    (529, 3, TRUE),
    (528, 3, TRUE),
    (527, 3, TRUE),
    (526, 3, TRUE),
    (525, 2, TRUE),
    (524, 4, TRUE),
    (523, 4, TRUE),
    (522, 3, TRUE),
    (521, 3, TRUE),
    (520, 10, TRUE),
    (519, 79, TRUE),
    (517, 3, TRUE),
    (516, 4, TRUE),
    (515, 3, TRUE),
    (514, 3, TRUE),
    (513, 4, TRUE),
    (506, 3, TRUE),
    (505, 3, TRUE),
    (504, 4, TRUE),
    (503, 3, TRUE),
    (502, 3, TRUE),
    (501, 4, TRUE),
    (500, 3, TRUE),
    (499, 3, TRUE),
    (498, 11, TRUE),
    (497, 5, TRUE),
    (496, 5, TRUE),
    (495, 5, TRUE),
    (494, 3, TRUE),
    (493, 12, TRUE),
    (492, 87, TRUE),
    (491, 4, TRUE),
    (490, 3, TRUE),
    (489, 3, TRUE),
    (488, 5, TRUE),
    (487, 5, TRUE),
    (486, 3, TRUE),
    (485, 3, TRUE),
    (484, 2, TRUE),
    (481, 3, TRUE),
    (480, 3, TRUE),
    (479, 2, TRUE),
    (478, 2, TRUE),
    (477, 2, TRUE),
    (476, 2, TRUE),
    (475, 3, TRUE),
    (474, 3, TRUE),
    (473, 3, TRUE),
    (471, 4, TRUE),
    (470, 73, TRUE),
    (468, 10, TRUE),
    (466, 3, TRUE),
    (465, 79, TRUE),
    (464, 3, TRUE),
    (463, 3, TRUE),
    (462, 2, TRUE),
    (318, 3, TRUE);

-- ── SALES ───────────────────────────────────────────────────────
CREATE TABLE sales (
    sales_id           INTEGER PRIMARY KEY,
    invoice_total      NUMERIC(12,2) NOT NULL,
    customer_id        INTEGER REFERENCES customers(person_id),
    customer_name      TEXT,
    salesperson        TEXT,
    invoice_policy     TEXT,
    invoice_datetime   TIMESTAMPTZ NOT NULL,
    total_items_count  INTEGER DEFAULT 0,
    items_count        INTEGER DEFAULT 0,
    scraped_at         TIMESTAMPTZ DEFAULT NOW()
);

-- ── SALE_ITEMS ───────────────────────────────────────────────────
CREATE TABLE sale_items (
    id          BIGSERIAL PRIMARY KEY,
    sales_id    INTEGER NOT NULL REFERENCES sales(sales_id) ON DELETE CASCADE,
    item_id     INTEGER REFERENCES products(item_id),
    name        TEXT NOT NULL,
    qty         INTEGER NOT NULL DEFAULT 1,
    unit_price  NUMERIC(12,2) NOT NULL,
    total       NUMERIC(12,2) NOT NULL
);

-- ── SALE_PAYMENTS ────────────────────────────────────────────────
CREATE TABLE sale_payments (
    id                  BIGSERIAL PRIMARY KEY,
    sales_id            INTEGER NOT NULL REFERENCES sales(sales_id) ON DELETE CASCADE,
    account             TEXT NOT NULL,
    account_id          INTEGER,
    amount              NUMERIC(12,2) NOT NULL,
    transaction_medium  TEXT
);

-- ── INDEXES ─────────────────────────────────────────────────────
CREATE INDEX idx_sales_datetime        ON sales(invoice_datetime);
CREATE INDEX idx_sales_customer        ON sales(customer_id);
CREATE INDEX idx_sales_salesperson     ON sales(salesperson);
CREATE INDEX idx_sale_items_sale       ON sale_items(sales_id);
CREATE INDEX idx_sale_items_item       ON sale_items(item_id);
CREATE INDEX idx_payments_sale         ON sale_payments(sales_id);
CREATE INDEX idx_payments_account      ON sale_payments(account);
CREATE INDEX idx_products_category     ON products(category);
CREATE INDEX idx_products_supplier     ON product_suppliers(supplier_id);
CREATE INDEX idx_products_item         ON product_suppliers(item_id);

-- ── ANALYTICS VIEWS ─────────────────────────────────────────────

CREATE VIEW v_sales_summary AS
SELECT
    s.sales_id,
    s.invoice_datetime,
    s.customer_name,
    s.salesperson,
    s.invoice_total,
    s.total_items_count,
    COUNT(DISTINCT si.item_id)            AS unique_products,
    STRING_AGG(DISTINCT sp.account, ', ') AS payment_methods
FROM sales s
LEFT JOIN sale_items    si ON si.sales_id = s.sales_id
LEFT JOIN sale_payments sp ON sp.sales_id = s.sales_id
GROUP BY s.sales_id;


CREATE VIEW v_revenue_by_day AS
SELECT
    DATE(invoice_datetime)  AS sale_date,
    COUNT(*)                AS total_sales,
    SUM(invoice_total)      AS total_revenue
FROM sales
GROUP BY DATE(invoice_datetime)
ORDER BY sale_date;


CREATE VIEW v_top_products AS
SELECT
    p.item_id,
    p.name,
    p.category,
    p.selling_price,
    p.cost_price,
    (p.selling_price - p.cost_price)  AS margin,
    SUM(si.qty)                        AS total_qty_sold,
    SUM(si.total)                      AS total_revenue
FROM sale_items si
JOIN products p ON p.item_id = si.item_id
GROUP BY p.item_id, p.name, p.category, p.selling_price, p.cost_price
ORDER BY total_revenue DESC;


CREATE VIEW v_payment_breakdown AS
SELECT
    account,
    COUNT(DISTINCT sales_id)  AS num_transactions,
    SUM(amount)               AS total_amount
FROM sale_payments
GROUP BY account
ORDER BY total_amount DESC;


CREATE VIEW v_supplier_products AS
SELECT
    s.person_id    AS supplier_id,
    s.company_name AS supplier,
    p.item_id,
    p.name         AS product_name,
    p.category,
    p.cost_price,
    p.selling_price,
    p.quantity
FROM product_suppliers ps
JOIN suppliers s ON s.person_id = ps.supplier_id
JOIN products  p ON p.item_id   = ps.item_id
ORDER BY s.company_name, p.name;


CREATE VIEW v_customer_balance AS
SELECT
    person_id,
    name,
    phone,
    balance,
    credit_limit,
    points
FROM customers
WHERE balance > 0
ORDER BY balance DESC;