id,pos_sale_id,invoice_datetime,pos_customer_id,customer_name,pos_item_id,item_name,quantity,unit_price,total,cost_price,total_cost,gross_profit
119bddda-ff55-45be-81cd-29412d3056f4,5165,2026-08-27 17:34:00+00,24,Abba Tahir Shop,143,ROBA ATAMPA,1,3000.0,3000.0,2630.00,2630.00,370.00
f5263f74-2b80-488a-883c-944475741e40,5165,2026-08-27 17:34:00+00,24,Abba Tahir Shop,214,Rotana holland,1,8500.0,8500.0,8021.52,8021.52,478.48
54f5fa25-cd17-423a-81d6-c04c0f637c21,5166,2026-08-27 17:34:00+00,24,Abba Tahir Shop,117,EMBELLISHED MDT,1,18000.0,18000.0,14904.91,14904.91,3095.09
65374a9e-0f1a-4061-b389-8bd2868ed63f,5167,2026-08-27 17:35:00+00,24,Abba Tahir Shop,106,CHIGANVY COTONOU PLAIN,2,19500.0,39000.0,18000.00,36000.00,3000.00
0c5c3c89-3d98-4355-923f-b4224615ff22,5168,2026-08-27 17:35:00+00,51,Khalid Abasu Kala,126,HOLLAND MEDIUM,1,11500.0,11500.0,11001.09,11001.09,498.91
50accf13-e3ce-465c-8123-0a91839ed18f,5168,2026-08-27 17:35:00+00,51,Khalid Abasu Kala,105,CHIGANVY GOLD,1,24000.0,24000.0,22500.00,22500.00,1500.00
1ff774e9-229a-484b-bedf-d3c6d298d665,5169,2026-08-27 17:35:00+00,208,KHADIJA JOS,178,RIGHTMAN AND WISEMAN,6,5000.0,30000.0,4000.00,24000.00,6000.00
1362cd19-56ef-4fa8-bb90-ac4c8cfac00c,5170,2026-08-27 17:36:00+00,23,Tahir Walk-in Customers,214,Rotana holland,1,8500.0,8500.0,8021.52,8021.52,478.48
f25afc37-ff25-4340-9ac1-ddc3eee56653,5171,2026-08-27 17:36:00+00,23,Tahir Walk-in Customers,117,EMBELLISHED MDT,1,18000.0,18000.0,14904.91,14904.91,3095.09
56aa3fd9-908c-476b-8ab1-4c91207a2dce,5172,2026-08-27 17:36:00+00,23,Tahir Walk-in Customers,106,CHIGANVY COTONOU PLAIN,1,20000.0,20000.0,18000.00,18000.00,2000.00
734610f2-f01b-41cd-9d46-7419389ae762,5173,2026-08-27 17:37:00+00,29,Mustapha Shop,117,EMBELLISHED MDT,2,17500.0,35000.0,14904.91,29809.82,5190.18
bac987a9-0484-4044-a39b-e20a5505abcf,5174,2026-08-27 17:37:00+00,23,Tahir Walk-in Customers,159,GRANDEUR EMBELLISHED,1,30000.0,30000.0,25000.00,25000.00,5000.00
f06a5f31-35e7-424d-8d04-b66b744fa868,5174,2026-08-27 17:37:00+00,23,Tahir Walk-in Customers,159,GRANDEUR EMBELLISHED,2,29000.0,58000.0,25000.00,50000.00,8000.00
a40fe1ea-10f8-4e54-966c-db9be4e22e87,5175,2026-08-27 17:38:00+00,23,Tahir Walk-in Customers,141,BELLDAM,4,4800.0,19200.0,4600.00,18400.00,800.00
76be1dd4-9911-41cd-a135-e8be14c11a82,5176,2026-08-27 17:38:00+00,23,Tahir Walk-in Customers,104,CHIGANVY COTTON POPLIN,1,27000.0,27000.0,24990.74,24990.74,2009.26
edc1cfd2-2e30-4117-a9f5-47cbd4a8d99a,5176,2026-08-27 17:38:00+00,23,Tahir Walk-in Customers,117,EMBELLISHED MDT,2,18000.0,36000.0,14904.91,29809.82,6190.18
8eabcd0a-d37d-4a8c-977b-fd21e75ce3fc,5177,2026-08-27 17:39:00+00,24,Abba Tahir Shop,181,VICE CHAIRMAN,8,11000.0,88000.0,8151.52,65212.16,22787.84
9cb45b44-9ab8-4fb4-86c3-4b8b38ad07ec,5177,2026-08-27 17:39:00+00,24,Abba Tahir Shop,114,HOLLANTEX EMBELLISHED,6,17500.0,105000.0,16028.90,96173.40,8826.60
e0333702-5996-47be-a660-c56edd46a69a,5178,2026-08-27 17:39:00+00,24,Abba Tahir Shop,55,MADAM GRTZNER MEDIUM,6,6500.0,39000.0,5500.00,33000.00,6000.00
2dd5aed3-c5b2-46ac-aa2c-90ef37b309e3,5179,2026-08-27 17:40:00+00,24,Abba Tahir Shop,106,CHIGANVY COTONOU PLAIN,1,20000.0,20000.0,18000.00,18000.00,2000.00
d48d7906-aa0a-4e1b-9387-720b9afb0998,5179,2026-08-27 17:40:00+00,24,Abba Tahir Shop,55,MADAM GRTZNER MEDIUM,4,7000.0,28000.0,5500.00,22000.00,6000.00
a9e3e2c8-0191-4fab-a95d-28a5cde2a51b,5180,2026-08-27 17:44:00+00,47,Musa Alaramma,97,GRANDUER EMBELLISHED,80,25000.0,2000000.0,25000.00,2000000.00,0.00
b2018e52-70cf-4370-a7b5-d1f447fee121,5180,2026-08-27 17:44:00+00,47,Musa Alaramma,196,Fantastic Holland,150,8100.0,1215000.0,8002.50,1200375.00,14625.00
e838ab9c-7ea8-4679-b46c-4f9f5cd52e90,5181,2026-08-27 17:45:00+00,22,Fahad Tahir,104,CHIGANVY COTTON POPLIN,1,27000.0,27000.0,24990.74,24990.74,2009.26
d02ec7de-3769-4168-8846-5dae4018f4f9,5182,2026-08-27 17:45:00+00,22,Fahad Tahir,89,ABS MAITABARMA,1,35000.0,35000.0,30000.00,30000.00,5000.00
034f71bc-db6a-4c0e-95b1-5d51dd7e6915,5183,2026-08-27 17:46:00+00,75,LUBABATU,146,ATAMPA LACE MIX AND MATCH,1,55000.0,55000.0,45000.00,45000.00,10000.00
651471a2-65e0-442a-9937-c19024e08b3c,5184,2026-08-27 17:46:00+00,22,Fahad Tahir,214,Rotana holland,2,8300.0,16600.0,8021.52,16043.04,556.96
a21f8f69-ff8e-4a62-bced-09106754a06b,5184,2026-08-27 17:46:00+00,22,Fahad Tahir,117,EMBELLISHED MDT,2,17000.0,34000.0,14904.91,29809.82,4190.18
cc1506eb-c2bf-44b7-8018-2e99b2c34960,5184,2026-08-27 17:46:00+00,22,Fahad Tahir,118,PRESTIGE EMBELLISHED,2,16500.0,33000.0,15502.43,31004.86,1995.14
2f50eeac-1b0a-4081-a9e9-1fd423dc112c,5185,2026-08-27 17:47:00+00,33,NURHAF,106,CHIGANVY COTONOU PLAIN,6,19000.0,114000.0,18000.00,108000.00,6000.00
34e90b08-a894-4341-8969-c01d162c1f70,5185,2026-08-27 17:47:00+00,33,NURHAF,104,CHIGANVY COTTON POPLIN,6,26000.0,156000.0,24990.74,149944.44,6055.56
bbc96a1d-3b0d-4b07-8aa3-f7c309f15ddc,5185,2026-08-27 17:47:00+00,33,NURHAF,160,JULIUS HOLLAND PLAIN,1,60000.0,60000.0,58000.00,58000.00,2000.00